<?xml version="1.0" encoding="UTF-8"?>
<problemStructure>
  <task>
    <provided>
      <instance name="inst43636117"/>
      <instance name="inst881738507"/>
      <instance name="inst1855428275"/>
      <instance name="inst63298417"/>
    </provided>
    <wanted>
      <instance name="inst1049686245"/>
    </wanted>
  </task>
  <solutions>
    <solution>
      <sequence>
        <parallel>
          <sequence>
            <serviceDesc>
              <abstraction>
                <input>
                  <concept name="con1498435960"/>
                  <concept name="con189054683"/>
                  <concept name="con1233815228"/>
                  <concept name="con1518098260"/>
                </input>
                <output>
                  <concept name="con1791525819"/>
                  <concept name="con1280922294"/>
                  <concept name="con956700479"/>
                </output>
              </abstraction>
              <realizations>
                <service name="serv1463616776"/>
              </realizations>
            </serviceDesc>
            <serviceDesc>
              <abstraction>
                <input>
                  <concept name="con1791525819"/>
                  <concept name="con1280922294"/>
                  <concept name="con956700479"/>
                </input>
                <output>
                  <concept name="con1178105378"/>
                  <concept name="con429097559"/>
                  <concept name="con727102974"/>
                  <concept name="con2127217290"/>
                </output>
              </abstraction>
              <realizations>
                <service name="serv770932990"/>
                <service name="serv78249166"/>
                <service name="serv1533049009"/>
                <service name="serv840365223"/>
                <service name="serv147681399"/>
              </realizations>
            </serviceDesc>
          </sequence>
        </parallel>
        <parallel>
          <serviceDesc>
            <abstraction>
              <input>
                <concept name="con1178105378"/>
                <concept name="con429097559"/>
                <concept name="con727102974"/>
                <concept name="con2127217290"/>
              </input>
              <output>
                <concept name="con197861510"/>
              </output>
            </abstraction>
            <realizations>
              <service name="serv1602481242"/>
              <service name="serv909797456"/>
              <service name="serv217113632"/>
              <service name="serv1671913475"/>
            </realizations>
          </serviceDesc>
          <serviceDesc>
            <abstraction>
              <input>
                <concept name="con1178105378"/>
                <concept name="con429097559"/>
                <concept name="con727102974"/>
                <concept name="con2127217290"/>
              </input>
              <output>
                <concept name="con955061973"/>
                <concept name="con430736065"/>
              </output>
            </abstraction>
            <realizations>
              <service name="serv979229689"/>
            </realizations>
          </serviceDesc>
        </parallel>
        <parallel>
          <serviceDesc>
            <abstraction>
              <input>
                <concept name="con955061973"/>
                <concept name="con430736065"/>
                <concept name="con197861510"/>
              </input>
              <output>
                <concept name="con1029409762"/>
                <concept name="con875798590"/>
                <concept name="con2059423601"/>
              </output>
            </abstraction>
            <realizations>
              <service name="serv286545865"/>
              <service name="serv1741345708"/>
              <service name="serv1048661922"/>
            </realizations>
          </serviceDesc>
          <sequence>
            <serviceDesc>
              <abstraction>
                <input>
                  <concept name="con955061973"/>
                  <concept name="con430736065"/>
                  <concept name="con197861510"/>
                </input>
                <output>
                  <concept name="con1224598261"/>
                  <concept name="con948507873"/>
                  <concept name="con1201044728"/>
                </output>
              </abstraction>
              <realizations>
                <service name="serv355978098"/>
              </realizations>
            </serviceDesc>
            <serviceDesc>
              <abstraction>
                <input>
                  <concept name="con1224598261"/>
                  <concept name="con948507873"/>
                  <concept name="con1201044728"/>
                </input>
                <output>
                  <concept name="con913484646"/>
                </output>
              </abstraction>
              <realizations>
                <service name="serv1810777941"/>
                <service name="serv1118094155"/>
                <service name="serv425410331"/>
              </realizations>
            </serviceDesc>
          </sequence>
        </parallel>
        <parallel>
          <sequence>
            <serviceDesc>
              <abstraction>
                <input>
                  <concept name="con913484646"/>
                  <concept name="con1029409762"/>
                  <concept name="con875798590"/>
                  <concept name="con2059423601"/>
                </input>
                <output>
                  <concept name="con1976883168"/>
                  <concept name="con323617776"/>
                  <concept name="con454289598"/>
                </output>
              </abstraction>
              <realizations>
                <service name="serv1880210174"/>
              </realizations>
            </serviceDesc>
            <serviceDesc>
              <abstraction>
                <input>
                  <concept name="con1976883168"/>
                  <concept name="con323617776"/>
                  <concept name="con454289598"/>
                </input>
                <output>
                  <concept name="con1988352824"/>
                  <concept name="con1287476394"/>
                  <concept name="con1560289770"/>
                </output>
              </abstraction>
              <realizations>
                <service name="serv1187526388"/>
              </realizations>
            </serviceDesc>
          </sequence>
        </parallel>
        <serviceDesc>
          <abstraction>
            <input>
              <concept name="con1988352824"/>
              <concept name="con1287476394"/>
              <concept name="con1560289770"/>
              <concept name="con454289598"/>
            </input>
            <output>
              <concept name="con357002459"/>
            </output>
          </abstraction>
          <realizations>
            <service name="serv494842564"/>
          </realizations>
        </serviceDesc>
      </sequence>
    </solution>
    <solution>
      <sequence>
        <parallel>
          <serviceDesc>
            <abstraction>
              <input>
                <concept name="con1498435960"/>
                <concept name="con189054683"/>
                <concept name="con1233815228"/>
                <concept name="con1518098260"/>
              </input>
              <output>
                <concept name="con1254705894"/>
              </output>
            </abstraction>
            <realizations>
              <service name="serv1949642407"/>
            </realizations>
          </serviceDesc>
          <serviceDesc>
            <abstraction>
              <input>
                <concept name="con1498435960"/>
                <concept name="con189054683"/>
                <concept name="con1233815228"/>
                <concept name="con1518098260"/>
              </input>
              <output>
                <concept name="con2076423034"/>
                <concept name="con601960891"/>
              </output>
            </abstraction>
            <realizations>
              <service name="serv1256958621"/>
            </realizations>
          </serviceDesc>
        </parallel>
        <parallel>
          <sequence>
            <serviceDesc>
              <abstraction>
                <input>
                  <concept name="con2076423034"/>
                  <concept name="con601960891"/>
                  <concept name="con1254705894"/>
                </input>
                <output>
                  <concept name="con977387140"/>
                  <concept name="con1461774227"/>
                  <concept name="con1737864653"/>
                </output>
              </abstraction>
              <realizations>
                <service name="serv564274797"/>
              </realizations>
            </serviceDesc>
            <serviceDesc>
              <abstraction>
                <input>
                  <concept name="con977387140"/>
                  <concept name="con1461774227"/>
                  <concept name="con1737864653"/>
                </input>
                <output>
                  <concept name="con1608831337"/>
                  <concept name="con1875090575"/>
                  <concept name="con125766410"/>
                </output>
              </abstraction>
              <realizations>
                <service name="serv2019074640"/>
                <service name="serv1326390854"/>
              </realizations>
            </serviceDesc>
          </sequence>
        </parallel>
        <parallel>
          <serviceDesc>
            <abstraction>
              <input>
                <concept name="con1608831337"/>
                <concept name="con1875090575"/>
                <concept name="con125766410"/>
              </input>
              <output>
                <concept name="con644972681"/>
              </output>
            </abstraction>
            <realizations>
              <service name="serv633707030"/>
              <service name="serv2088506873"/>
            </realizations>
          </serviceDesc>
          <serviceDesc>
            <abstraction>
              <input>
                <concept name="con1608831337"/>
                <concept name="con1875090575"/>
                <concept name="con125766410"/>
              </input>
              <output>
                <concept name="con424181965"/>
                <concept name="con169392383"/>
                <concept name="con2092194101"/>
              </output>
            </abstraction>
            <realizations>
              <service name="serv1395823087"/>
              <service name="serv703139263"/>
            </realizations>
          </serviceDesc>
          <serviceDesc>
            <abstraction>
              <input>
                <concept name="con1608831337"/>
                <concept name="con1875090575"/>
                <concept name="con125766410"/>
              </input>
              <output>
                <concept name="con399604109"/>
              </output>
            </abstraction>
            <realizations>
              <service name="serv10455477"/>
              <service name="serv1465255320"/>
              <service name="serv772571496"/>
            </realizations>
          </serviceDesc>
          <serviceDesc>
            <abstraction>
              <input>
                <concept name="con1608831337"/>
                <concept name="con1875090575"/>
                <concept name="con125766410"/>
              </input>
              <output>
                <concept name="con690441241"/>
              </output>
            </abstraction>
            <realizations>
              <service name="serv79887710"/>
            </realizations>
          </serviceDesc>
        </parallel>
        <serviceDesc>
          <abstraction>
            <input>
              <concept name="con690441241"/>
              <concept name="con399604109"/>
              <concept name="con424181965"/>
              <concept name="con169392383"/>
              <concept name="con2092194101"/>
              <concept name="con644972681"/>
            </input>
            <output>
              <concept name="con2137048440"/>
              <concept name="con333448926"/>
              <concept name="con126790733"/>
            </output>
          </abstraction>
          <realizations>
            <service name="serv1534687553"/>
            <service name="serv842003729"/>
          </realizations>
        </serviceDesc>
        <serviceDesc>
          <abstraction>
            <input>
              <concept name="con2137048440"/>
              <concept name="con333448926"/>
              <concept name="con126790733"/>
            </input>
            <output>
              <concept name="con357002459"/>
            </output>
          </abstraction>
          <realizations>
            <service name="serv149319943"/>
          </realizations>
        </serviceDesc>
      </sequence>
    </solution>
    <solution>
      <sequence>
        <serviceDesc>
          <abstraction>
            <input>
              <concept name="con1498435960"/>
              <concept name="con189054683"/>
              <concept name="con1233815228"/>
              <concept name="con1518098260"/>
            </input>
            <output>
              <concept name="con1119528656"/>
              <concept name="con2081338590"/>
              <concept name="con212608216"/>
            </output>
          </abstraction>
          <realizations>
            <service name="serv1604119786"/>
            <service name="serv911435962"/>
          </realizations>
        </serviceDesc>
        <parallel>
          <serviceDesc>
            <abstraction>
              <input>
                <concept name="con1119528656"/>
                <concept name="con2081338590"/>
                <concept name="con212608216"/>
              </input>
              <output>
                <concept name="con1745647119"/>
              </output>
            </abstraction>
            <realizations>
              <service name="serv218752176"/>
              <service name="serv1673552019"/>
            </realizations>
          </serviceDesc>
          <serviceDesc>
            <abstraction>
              <input>
                <concept name="con1119528656"/>
                <concept name="con2081338590"/>
                <concept name="con212608216"/>
              </input>
              <output>
                <concept name="con1980774401"/>
                <concept name="con1463002593"/>
                <concept name="con800426440"/>
              </output>
            </abstraction>
            <realizations>
              <service name="serv980868195"/>
              <service name="serv288184409"/>
              <service name="serv1742984252"/>
              <service name="serv1050300428"/>
              <service name="serv357616642"/>
            </realizations>
          </serviceDesc>
        </parallel>
        <serviceDesc>
          <abstraction>
            <input>
              <concept name="con1980774401"/>
              <concept name="con1463002593"/>
              <concept name="con800426440"/>
              <concept name="con1745647119"/>
            </input>
            <output>
              <concept name="con2020099001"/>
              <concept name="con390387142"/>
              <concept name="con540721264"/>
            </output>
          </abstraction>
          <realizations>
            <service name="serv1812416485"/>
          </realizations>
        </serviceDesc>
        <serviceDesc>
          <abstraction>
            <input>
              <concept name="con2020099001"/>
              <concept name="con390387142"/>
              <concept name="con540721264"/>
            </input>
            <output>
              <concept name="con357002459"/>
            </output>
          </abstraction>
          <realizations>
            <service name="serv1119732661"/>
            <service name="serv427048875"/>
            <service name="serv1881848718"/>
          </realizations>
        </serviceDesc>
      </sequence>
    </solution>
    <solution>
      <sequence>
        <parallel>
          <sequence>
            <serviceDesc>
              <abstraction>
                <input>
                  <concept name="con1498435960"/>
                  <concept name="con189054683"/>
                  <concept name="con1233815228"/>
                  <concept name="con1518098260"/>
                </input>
                <output>
                  <concept name="con699658208"/>
                  <concept name="con915123190"/>
                  <concept name="con2050616774"/>
                </output>
              </abstraction>
              <realizations>
                <service name="serv1189164894"/>
              </realizations>
            </serviceDesc>
            <serviceDesc>
              <abstraction>
                <input>
                  <concept name="con699658208"/>
                  <concept name="con915123190"/>
                  <concept name="con2050616774"/>
                </input>
                <output>
                  <concept name="con1038626729"/>
                  <concept name="con395302698"/>
                  <concept name="con813330597"/>
                </output>
              </abstraction>
              <realizations>
                <service name="serv496481108"/>
                <service name="serv1951280951"/>
              </realizations>
            </serviceDesc>
          </sequence>
          <serviceDesc>
            <abstraction>
              <input>
                <concept name="con1498435960"/>
                <concept name="con189054683"/>
                <concept name="con1233815228"/>
                <concept name="con1518098260"/>
              </input>
              <output>
                <concept name="con918400240"/>
                <concept name="con146453033"/>
              </output>
            </abstraction>
            <realizations>
              <service name="serv1258597127"/>
              <service name="serv565913341"/>
            </realizations>
          </serviceDesc>
          <serviceDesc>
            <abstraction>
              <input>
                <concept name="con1498435960"/>
                <concept name="con189054683"/>
                <concept name="con1233815228"/>
                <concept name="con1518098260"/>
              </input>
              <output>
                <concept name="con798787896"/>
                <concept name="con794896663"/>
              </output>
            </abstraction>
            <realizations>
              <service name="serv2020713184"/>
            </realizations>
          </serviceDesc>
        </parallel>
        <serviceDesc>
          <abstraction>
            <input>
              <concept name="con798787896"/>
              <concept name="con794896663"/>
              <concept name="con918400240"/>
              <concept name="con146453033"/>
              <concept name="con1038626729"/>
              <concept name="con395302698"/>
              <concept name="con813330597"/>
            </input>
            <output>
              <concept name="con357002459"/>
            </output>
          </abstraction>
          <realizations>
            <service name="serv1328029360"/>
            <service name="serv635345574"/>
          </realizations>
        </serviceDesc>
      </sequence>
    </solution>
  </solutions>
</problemStructure>
