<?xml version="1.0" encoding="UTF-8"?>
<problemStructure>
	<task>
		<provided>
			<instance name="inst1926141668"/>
			<instance name="inst395151449"/>
			<instance name="inst1557679659"/>
			<instance name="inst2034284318"/>
			<instance name="inst1161158739"/>
			<instance name="inst1525933520"/>
			<instance name="inst1612775326"/>
			<instance name="inst1063871562"/>
			<instance name="inst948560629"/>
			<instance name="inst1271554078"/>
			<instance name="inst839803796"/>
		</provided>
		<options>
			<condition>
				<general concept="dummy" />
				<specific concept="dummy" />
			</condition>
			<if>
				<instance name="inst2104330734"/>
				<instance name="inst1750001286"/>
				<instance name="inst478920248"/>
				<instance name="inst1046461989"/>
			</if>
			<else />
		</options>
	</task>
	<solutions />
</problemStructure>