<?xml version="1.0" encoding="UTF-8"?>
<services>
  <service name="serv904934656" Res="3272.56" Ava="0.81" Suc="0.88" Rel="0.64" Lat="2825.51" Pri="4.32">
    <inputs>
      <instance name="inst1725423392"/>
      <instance name="inst955728912"/>
    </inputs>
    <outputs>
      <instance name="inst1205602938"/>
      <instance name="inst206106910"/>
      <instance name="inst784504124"/>
      <instance name="inst1326239605"/>
    </outputs>
  </service>
  <service name="serv1531463259" Res="4365.09" Ava="0.80" Suc="0.75" Rel="0.53" Lat="651.11" Pri="9.82">
    <inputs>
      <instance name="inst995667695"/>
      <instance name="inst570677648"/>
      <instance name="inst19725200"/>
      <instance name="inst402319732"/>
      <instance name="inst237238866"/>
    </inputs>
    <outputs>
      <instance name="inst1348768777"/>
      <instance name="inst319779299"/>
    </outputs>
  </service>
  <service name="serv1597618442" Res="4400.33" Ava="0.28" Suc="0.48" Rel="0.40" Lat="2067.53" Pri="6.74">
    <inputs>
      <instance name="inst304418410"/>
      <instance name="inst1544981637"/>
      <instance name="inst785118307"/>
      <instance name="inst880766940"/>
      <instance name="inst357055215"/>
      <instance name="inst683325714"/>
      <instance name="inst1655376976"/>
    </inputs>
    <outputs>
      <instance name="inst1790964392"/>
      <instance name="inst1388707560"/>
      <instance name="inst485474348"/>
      <instance name="inst1001607612"/>
      <instance name="inst786142630"/>
      <instance name="inst723264497"/>
      <instance name="inst1551125559"/>
    </outputs>
  </service>
  <service name="serv76663416" Res="3042.95" Ava="0.67" Suc="0.26" Rel="0.73" Lat="2316.72" Pri="4.98">
    <inputs>
      <instance name="inst1942526918"/>
      <instance name="inst1602944176"/>
      <instance name="inst520497575"/>
    </inputs>
    <outputs>
      <instance name="inst1799157036"/>
      <instance name="inst680662847"/>
      <instance name="inst995667695"/>
      <instance name="inst2022200441"/>
      <instance name="inst1472886537"/>
      <instance name="inst332887499"/>
      <instance name="inst237238866"/>
    </outputs>
  </service>
  <service name="serv769347240" Res="4693.10" Ava="0.67" Suc="0.68" Rel="0.52" Lat="4357.02" Pri="7.24">
    <inputs>
      <instance name="inst1942526918"/>
      <instance name="inst1602944176"/>
      <instance name="inst520497575"/>
    </inputs>
    <outputs>
      <instance name="inst501859598"/>
      <instance name="inst2100029323"/>
      <instance name="inst1051787723"/>
      <instance name="inst642976791"/>
      <instance name="inst608977925"/>
      <instance name="inst237238866"/>
    </outputs>
  </service>
  <service name="serv142818599" Res="2288.63" Ava="0.09" Suc="0.06" Rel="0.45" Lat="4231.66" Pri="8.10">
    <inputs>
      <instance name="inst86290561"/>
      <instance name="inst1314359771"/>
      <instance name="inst1364539844"/>
      <instance name="inst958391779"/>
      <instance name="inst992390645"/>
      <instance name="inst853322174"/>
      <instance name="inst301345365"/>
    </inputs>
    <outputs>
      <instance name="inst628640225"/>
      <instance name="inst210408283"/>
      <instance name="inst225359032"/>
      <instance name="inst1338937627"/>
      <instance name="inst359718082"/>
      <instance name="inst1870841958"/>
      <instance name="inst2141402607"/>
    </outputs>
  </service>
  <service name="serv835502423" Res="1159.81" Ava="0.45" Suc="0.69" Rel="0.37" Lat="1288.01" Pri="8.75">
    <inputs>
      <instance name="inst547328158"/>
      <instance name="inst1451585693"/>
      <instance name="inst1831927536"/>
      <instance name="inst40411861"/>
    </inputs>
    <outputs>
      <instance name="inst1624859203"/>
      <instance name="inst201805499"/>
      <instance name="inst231913132"/>
      <instance name="inst1689990025"/>
      <instance name="inst97964260"/>
      <instance name="inst705240741"/>
      <instance name="inst574158741"/>
      <instance name="inst1185326455"/>
      <instance name="inst1284252138"/>
    </outputs>
  </service>
  <service name="serv1462031026" Res="3761.47" Ava="0.58" Suc="0.99" Rel="0.51" Lat="4786.78" Pri="6.53">
    <inputs>
      <instance name="inst934428106"/>
      <instance name="inst395151449"/>
      <instance name="inst198528449"/>
    </inputs>
    <outputs>
      <instance name="inst1832541719"/>
      <instance name="inst520497575"/>
    </outputs>
  </service>
  <service name="serv1528186209" Res="1217.82" Ava="0.62" Suc="0.72" Rel="0.83" Lat="2773.88" Pri="3.56">
    <inputs>
      <instance name="inst383885798"/>
      <instance name="inst987475089"/>
      <instance name="inst2045343834"/>
      <instance name="inst518859031"/>
      <instance name="inst855574863"/>
    </inputs>
    <outputs>
      <instance name="inst611230614"/>
      <instance name="inst165757949"/>
      <instance name="inst11532594"/>
      <instance name="inst1803048269"/>
    </outputs>
  </service>
  <service name="serv73386366" Res="2435.73" Ava="0.93" Suc="0.37" Rel="0.54" Lat="3120.65" Pri="9.02">
    <inputs>
      <instance name="inst879128396"/>
      <instance name="inst967198606"/>
      <instance name="inst1009186073"/>
      <instance name="inst230070583"/>
      <instance name="inst1639605909"/>
    </inputs>
    <outputs>
      <instance name="inst1338323444"/>
      <instance name="inst65603900"/>
      <instance name="inst85266200"/>
      <instance name="inst2039199874"/>
      <instance name="inst837551107"/>
      <instance name="inst787781174"/>
      <instance name="inst1624859203"/>
    </outputs>
  </service>
  <service name="serv7231183" Res="3800.27" Ava="0.54" Suc="0.92" Rel="0.33" Lat="4547.07" Pri="0.87">
    <inputs>
      <instance name="inst934428106"/>
      <instance name="inst395151449"/>
      <instance name="inst198528449"/>
    </inputs>
    <outputs>
      <instance name="inst1475549404"/>
      <instance name="inst2040838418"/>
      <instance name="inst1180410861"/>
      <instance name="inst839189613"/>
    </outputs>
  </service>
  <service name="serv699915007" Res="4838.10" Ava="0.67" Suc="0.43" Rel="0.69" Lat="4520.30" Pri="9.90">
    <inputs>
      <instance name="inst102675811"/>
      <instance name="inst1716616603"/>
      <instance name="inst1689375842"/>
    </inputs>
    <outputs>
      <instance name="inst725927364"/>
      <instance name="inst1631413303"/>
      <instance name="inst731046963"/>
    </outputs>
  </service>
  <service name="serv766070190" Res="4993.96" Ava="0.54" Suc="0.42" Rel="0.52" Lat="4873.34" Pri="8.99">
    <inputs>
      <instance name="inst1782361608"/>
      <instance name="inst2113547701"/>
      <instance name="inst79940466"/>
      <instance name="inst31194894"/>
      <instance name="inst1668485176"/>
      <instance name="inst114145467"/>
      <instance name="inst842056523"/>
    </inputs>
    <outputs>
      <instance name="inst1134532161"/>
      <instance name="inst862743146"/>
      <instance name="inst1030486879"/>
      <instance name="inst1535150487"/>
      <instance name="inst1061208695"/>
      <instance name="inst1592498843"/>
      <instance name="inst1343853221"/>
    </outputs>
  </service>
  <service name="serv1392598793" Res="2508.28" Ava="0.61" Suc="0.72" Rel="0.34" Lat="557.95" Pri="2.66">
    <inputs>
      <instance name="inst1581029187"/>
      <instance name="inst1071450023"/>
      <instance name="inst385934482"/>
      <instance name="inst1700231353"/>
    </inputs>
    <outputs>
      <instance name="inst979078440"/>
      <instance name="inst1314769911"/>
      <instance name="inst267960682"/>
      <instance name="inst266732316"/>
      <instance name="inst234575999"/>
    </outputs>
  </service>
  <service name="serv1458753976" Res="74.19" Ava="0.58" Suc="0.51" Rel="0.69" Lat="3678.07" Pri="9.18">
    <inputs>
      <instance name="inst625977358"/>
      <instance name="inst160228210"/>
      <instance name="inst1452610054"/>
    </inputs>
    <outputs>
      <instance name="inst694795408"/>
      <instance name="inst1412671271"/>
      <instance name="inst549376842"/>
      <instance name="inst1718255109"/>
      <instance name="inst1695929942"/>
    </outputs>
  </service>
  <service name="serv3954133" Res="2323.37" Ava="0.86" Suc="0.80" Rel="0.76" Lat="1618.02" Pri="7.38">
    <inputs>
      <instance name="inst520497575"/>
      <instance name="inst1595775893"/>
      <instance name="inst756034997"/>
      <instance name="inst218804932"/>
    </inputs>
    <outputs>
      <instance name="inst1109750262"/>
      <instance name="inst582351347"/>
      <instance name="inst1167712839"/>
      <instance name="inst575797247"/>
      <instance name="inst410512376"/>
      <instance name="inst67242444"/>
    </outputs>
  </service>
  <service name="serv696637957" Res="4782.20" Ava="0.74" Suc="0.67" Rel="0.83" Lat="1855.84" Pri="2.99">
    <inputs>
      <instance name="inst1638377543"/>
      <instance name="inst1626907887"/>
      <instance name="inst1837457275"/>
      <instance name="inst1710676686"/>
      <instance name="inst1640016087"/>
    </inputs>
    <outputs>
      <instance name="inst2004790868"/>
      <instance name="inst1653738470"/>
      <instance name="inst584400031"/>
      <instance name="inst296839949"/>
      <instance name="inst219215110"/>
      <instance name="inst83627694"/>
    </outputs>
  </service>
  <service name="serv1389321743" Res="1249.34" Ava="0.61" Suc="0.71" Rel="0.73" Lat="4485.03" Pri="0.30">
    <inputs>
      <instance name="inst10508233"/>
      <instance name="inst1476777770"/>
      <instance name="inst598122414"/>
      <instance name="inst1584920420"/>
      <instance name="inst138927366"/>
      <instance name="inst1173856761"/>
      <instance name="inst1628750436"/>
      <instance name="inst2060500718"/>
    </inputs>
    <outputs>
      <instance name="inst299706859"/>
      <instance name="inst91820300"/>
      <instance name="inst1879648785"/>
      <instance name="inst161252533"/>
      <instance name="inst702988014"/>
      <instance name="inst1726447753"/>
    </outputs>
  </service>
  <service name="serv2085282617" Res="4783.38" Ava="0.18" Suc="0.95" Rel="0.58" Lat="4380.58" Pri="0.24">
    <inputs>
      <instance name="inst1581029187"/>
      <instance name="inst1071450023"/>
      <instance name="inst385934482"/>
      <instance name="inst1700231353"/>
    </inputs>
    <outputs>
      <instance name="inst608977925"/>
      <instance name="inst927259823"/>
    </outputs>
  </service>
  <service name="serv2082005567" Res="989.47" Ava="0.75" Suc="0.43" Rel="0.69" Lat="12.24" Pri="3.48">
    <inputs>
      <instance name="inst899404879"/>
      <instance name="inst620037441"/>
      <instance name="inst1565258120"/>
      <instance name="inst2113547701"/>
    </inputs>
    <outputs>
      <instance name="inst355826849"/>
      <instance name="inst2114161884"/>
      <instance name="inst715686074"/>
      <instance name="inst1754506702"/>
      <instance name="inst441848375"/>
      <instance name="inst901453563"/>
      <instance name="inst222492160"/>
    </outputs>
  </service>
  <service name="serv627205724" Res="3005.61" Ava="0.34" Suc="0.92" Rel="0.60" Lat="910.35" Pri="0.50">
    <inputs>
      <instance name="inst1301661711"/>
      <instance name="inst12556917"/>
      <instance name="inst1996598224"/>
      <instance name="inst1989019801"/>
      <instance name="inst156336977"/>
      <instance name="inst1795469808"/>
    </inputs>
    <outputs>
      <instance name="inst916814490"/>
      <instance name="inst2012369291"/>
      <instance name="inst1761470942"/>
      <instance name="inst2035922824"/>
      <instance name="inst1667460853"/>
    </outputs>
  </service>
  <service name="serv630482774" Res="971.23" Ava="0.26" Suc="0.24" Rel="0.70" Lat="1949.87" Pri="2.38">
    <inputs>
      <instance name="inst1581029187"/>
      <instance name="inst1071450023"/>
      <instance name="inst385934482"/>
      <instance name="inst1700231353"/>
    </inputs>
    <outputs>
      <instance name="inst1420249694"/>
      <instance name="inst1488043421"/>
      <instance name="inst885068313"/>
    </outputs>
  </service>
  <service name="serv1319889510" Res="1232.38" Ava="0.61" Suc="0.26" Rel="0.55" Lat="3854.64" Pri="5.15">
    <inputs>
      <instance name="inst269599226"/>
      <instance name="inst672470241"/>
      <instance name="inst1888455574"/>
    </inputs>
    <outputs>
      <instance name="inst1050763362"/>
      <instance name="inst1534536304"/>
      <instance name="inst1371708127"/>
      <instance name="inst2138739740"/>
      <instance name="inst96325716"/>
      <instance name="inst3339950"/>
    </outputs>
  </service>
  <service name="serv2012573334" Res="2829.16" Ava="0.32" Suc="0.68" Rel="0.58" Lat="3511.49" Pri="5.95">
    <inputs>
      <instance name="inst834888240"/>
      <instance name="inst756034997"/>
    </inputs>
    <outputs>
      <instance name="inst308309643"/>
      <instance name="inst2112523340"/>
    </outputs>
  </service>
  <service name="serv557773491" Res="4831.76" Ava="0.06" Suc="0.97" Rel="0.76" Lat="2884.96" Pri="5.83">
    <inputs>
      <instance name="inst1980623152"/>
      <instance name="inst226383393"/>
      <instance name="inst977029756"/>
      <instance name="inst1071039845"/>
      <instance name="inst1152966095"/>
    </inputs>
    <outputs>
      <instance name="inst1348768777"/>
      <instance name="inst787781174"/>
      <instance name="inst288033160"/>
      <instance name="inst557159308"/>
      <instance name="inst90181794"/>
      <instance name="inst1423116604"/>
      <instance name="inst583989891"/>
    </outputs>
  </service>
  <service name="serv1323166560" Res="1660.56" Ava="0.33" Suc="0.74" Rel="0.50" Lat="1547.88" Pri="0.62">
    <inputs>
      <instance name="inst934428106"/>
      <instance name="inst395151449"/>
      <instance name="inst198528449"/>
    </inputs>
    <outputs>
      <instance name="inst307285282"/>
      <instance name="inst586038575"/>
      <instance name="inst385934482"/>
      <instance name="inst2044115468"/>
    </outputs>
  </service>
  <service name="serv1250457277" Res="1889.94" Ava="0.77" Suc="0.44" Rel="0.69" Lat="2638.42" Pri="6.71">
    <inputs>
      <instance name="inst1698182669"/>
      <instance name="inst1895009674"/>
      <instance name="inst382043249"/>
      <instance name="inst1298998844"/>
      <instance name="inst459257948"/>
      <instance name="inst1366178388"/>
      <instance name="inst769757380"/>
      <instance name="inst1022908456"/>
      <instance name="inst2031007268"/>
    </inputs>
    <outputs>
      <instance name="inst58435617"/>
      <instance name="inst716710397"/>
      <instance name="inst1232229478"/>
      <instance name="inst727565908"/>
      <instance name="inst363609315"/>
    </outputs>
  </service>
  <service name="serv1943141101" Res="4146.73" Ava="0.33" Suc="0.76" Rel="0.73" Lat="1011.71" Pri="2.85">
    <inputs>
      <instance name="inst1283637955"/>
      <instance name="inst1609088136"/>
      <instance name="inst1632437626"/>
      <instance name="inst1621582153"/>
      <instance name="inst1924503124"/>
    </inputs>
    <outputs>
      <instance name="inst94687210"/>
      <instance name="inst194637216"/>
      <instance name="inst1115894222"/>
      <instance name="inst867658740"/>
      <instance name="inst1077593945"/>
      <instance name="inst2076885968"/>
      <instance name="inst1232843661"/>
    </outputs>
  </service>
  <service name="serv488341258" Res="3980.25" Ava="0.80" Suc="0.97" Rel="0.82" Lat="439.64" Pri="7.09">
    <inputs>
      <instance name="inst714661713"/>
      <instance name="inst2132799823"/>
      <instance name="inst191360166"/>
    </inputs>
    <outputs>
      <instance name="inst2096752273"/>
      <instance name="inst938729479"/>
      <instance name="inst1119581412"/>
      <instance name="inst66628261"/>
      <instance name="inst1130026745"/>
      <instance name="inst999969106"/>
    </outputs>
  </service>
  <service name="serv2015850384" Res="3426.73" Ava="0.18" Suc="0.62" Rel="0.51" Lat="2601.27" Pri="1.65">
    <inputs>
      <instance name="inst934428106"/>
      <instance name="inst395151449"/>
      <instance name="inst198528449"/>
    </inputs>
    <outputs>
      <instance name="inst1649437059"/>
      <instance name="inst509438059"/>
    </outputs>
  </service>
  <service name="serv1181025044" Res="373.56" Ava="0.44" Suc="0.66" Rel="0.67" Lat="1653.25" Pri="0.86">
    <inputs>
      <instance name="inst1329106477"/>
      <instance name="inst1423526744"/>
      <instance name="inst248708560"/>
      <instance name="inst403958276"/>
    </inputs>
    <outputs>
      <instance name="inst372416142"/>
      <instance name="inst715686074"/>
      <instance name="inst908007663"/>
      <instance name="inst1624859203"/>
      <instance name="inst1450357327"/>
      <instance name="inst1202325888"/>
      <instance name="inst1700845536"/>
    </outputs>
  </service>
  <service name="serv561050541" Res="2524.93" Ava="0.94" Suc="0.31" Rel="0.42" Lat="148.88" Pri="0.09">
    <inputs>
      <instance name="inst934428106"/>
      <instance name="inst395151449"/>
      <instance name="inst198528449"/>
    </inputs>
    <outputs>
      <instance name="inst80964827"/>
      <instance name="inst376103332"/>
      <instance name="inst1410418544"/>
    </outputs>
  </service>
  <service name="serv1253734327" Res="512.71" Ava="0.91" Suc="0.77" Rel="0.88" Lat="3142.34" Pri="4.07">
    <inputs>
      <instance name="inst934428106"/>
      <instance name="inst395151449"/>
      <instance name="inst198528449"/>
    </inputs>
    <outputs>
      <instance name="inst473078"/>
      <instance name="inst1833566042"/>
      <instance name="inst1895419852"/>
      <instance name="inst56797111"/>
    </outputs>
  </service>
  <service name="serv1873708868" Res="4231.07" Ava="0.28" Suc="0.82" Rel="0.71" Lat="4892.07" Pri="7.87">
    <inputs>
      <instance name="inst186444610"/>
      <instance name="inst1103196162"/>
      <instance name="inst1252505961"/>
      <instance name="inst1900949591"/>
      <instance name="inst1214205722"/>
      <instance name="inst1603968537"/>
    </inputs>
    <outputs>
      <instance name="inst1356961421"/>
      <instance name="inst1025571323"/>
      <instance name="inst238877410"/>
      <instance name="inst317116432"/>
      <instance name="inst1476163587"/>
      <instance name="inst1337913304"/>
      <instance name="inst1355322877"/>
    </outputs>
  </service>
  <service name="serv1946418151" Res="3073.39" Ava="0.46" Suc="0.25" Rel="0.34" Lat="3106.04" Pri="1.66">
    <inputs>
      <instance name="inst1015740173"/>
      <instance name="inst594845364"/>
      <instance name="inst1454248560"/>
    </inputs>
    <outputs>
      <instance name="inst2082415707"/>
      <instance name="inst1745085692"/>
      <instance name="inst1593113026"/>
      <instance name="inst1907503691"/>
      <instance name="inst595869725"/>
    </outputs>
  </service>
  <service name="serv491618308" Res="2285.74" Ava="0.09" Suc="0.27" Rel="0.46" Lat="2889.74" Pri="1.09">
    <inputs>
      <instance name="inst1015740173"/>
      <instance name="inst594845364"/>
      <instance name="inst1454248560"/>
    </inputs>
    <outputs>
      <instance name="inst1120195595"/>
      <instance name="inst2027730218"/>
      <instance name="inst318140793"/>
    </outputs>
  </service>
  <service name="serv418909025" Res="124.33" Ava="0.25" Suc="0.96" Rel="0.70" Lat="1052.99" Pri="2.63">
    <inputs>
      <instance name="inst1779084558"/>
      <instance name="inst1599052943"/>
      <instance name="inst2044115468"/>
      <instance name="inst1407345537"/>
      <instance name="inst1828650486"/>
    </inputs>
    <outputs>
      <instance name="inst31194894"/>
      <instance name="inst916814490"/>
      <instance name="inst1681183236"/>
      <instance name="inst1734640359"/>
      <instance name="inst1598642803"/>
    </outputs>
  </service>
  <service name="serv1184302094" Res="30.30" Ava="0.64" Suc="0.77" Rel="0.86" Lat="3958.79" Pri="1.73">
    <inputs>
      <instance name="inst1015740173"/>
      <instance name="inst594845364"/>
      <instance name="inst1454248560"/>
    </inputs>
    <outputs>
      <instance name="inst989113595"/>
      <instance name="inst2050259390"/>
    </outputs>
  </service>
  <service name="serv1111592811" Res="4725.15" Ava="0.70" Suc="0.53" Rel="0.44" Lat="2404.21" Pri="2.68">
    <inputs>
      <instance name="inst948560629"/>
      <instance name="inst98988583"/>
      <instance name="inst722240174"/>
      <instance name="inst1049739039"/>
      <instance name="inst431813182"/>
      <instance name="inst1001607612"/>
    </inputs>
    <outputs>
      <instance name="inst977439896"/>
      <instance name="inst838575430"/>
      <instance name="inst1892756985"/>
      <instance name="inst905344796"/>
      <instance name="inst752757947"/>
    </outputs>
  </service>
  <service name="serv1804276635" Res="1764.83" Ava="0.41" Suc="0.46" Rel="0.81" Lat="19.76" Pri="8.92">
    <inputs>
      <instance name="inst2034284318"/>
      <instance name="inst1161158739"/>
      <instance name="inst1525933520"/>
      <instance name="inst1612775326"/>
      <instance name="inst1063871562"/>
      <instance name="inst948560629"/>
      <instance name="inst1271554078"/>
      <instance name="inst839803796"/>
      <instance name="inst629868591"/>
    </inputs>
    <outputs>
      <instance name="inst1820661885"/>
      <instance name="inst1897058358"/>
      <instance name="inst1667460853"/>
      <instance name="inst371187776"/>
      <instance name="inst231913132"/>
      <instance name="inst977029756"/>
    </outputs>
  </service>
  <service name="serv1876985918" Res="4355.37" Ava="0.50" Suc="0.35" Rel="0.39" Lat="3550.81" Pri="9.79">
    <inputs>
      <instance name="inst1457525610"/>
      <instance name="inst1275445311"/>
      <instance name="inst675133108"/>
    </inputs>
    <outputs>
      <instance name="inst1475139226"/>
      <instance name="inst43688911"/>
      <instance name="inst1494187343"/>
      <instance name="inst1107087395"/>
    </outputs>
  </service>
  <service name="serv349476792" Res="3839.57" Ava="0.85" Suc="0.36" Rel="0.69" Lat="4847.31" Pri="4.17">
    <inputs>
      <instance name="inst21773884"/>
      <instance name="inst2114161884"/>
      <instance name="inst1621582153"/>
      <instance name="inst165757949"/>
      <instance name="inst576821608"/>
      <instance name="inst1682207559"/>
      <instance name="inst169445177"/>
    </inputs>
    <outputs>
      <instance name="inst1379286588"/>
      <instance name="inst2101667867"/>
      <instance name="inst96325716"/>
      <instance name="inst722240174"/>
      <instance name="inst408463692"/>
    </outputs>
  </service>
  <service name="serv1042160578" Res="2218.10" Ava="0.22" Suc="0.08" Rel="0.63" Lat="3440.84" Pri="3.48">
    <inputs>
      <instance name="inst2088355624"/>
      <instance name="inst117422517"/>
      <instance name="inst747432213"/>
      <instance name="inst669193191"/>
      <instance name="inst686602764"/>
      <instance name="inst338417276"/>
      <instance name="inst463149181"/>
    </inputs>
    <outputs>
      <instance name="inst995667695"/>
      <instance name="inst2036537007"/>
      <instance name="inst1374370994"/>
      <instance name="inst226997576"/>
      <instance name="inst34882084"/>
      <instance name="inst1611751003"/>
      <instance name="inst511690748"/>
    </outputs>
  </service>
  <service name="serv1734844402" Res="145.07" Ava="0.67" Suc="0.66" Rel="0.35" Lat="397.16" Pri="9.28">
    <inputs>
      <instance name="inst1884564341"/>
      <instance name="inst128482033"/>
      <instance name="inst346609882"/>
      <instance name="inst276563466"/>
      <instance name="inst671445880"/>
      <instance name="inst1531873437"/>
      <instance name="inst640109881"/>
    </inputs>
    <outputs>
      <instance name="inst2096752273"/>
      <instance name="inst1293469105"/>
      <instance name="inst793310913"/>
      <instance name="inst416042115"/>
    </outputs>
  </service>
  <service name="serv422186075" Res="3264.75" Ava="0.29" Suc="0.59" Rel="0.87" Lat="4485.11" Pri="1.97">
    <inputs>
      <instance name="inst34882084"/>
      <instance name="inst177023600"/>
      <instance name="inst79736461"/>
      <instance name="inst1359214110"/>
      <instance name="inst1605607043"/>
    </inputs>
    <outputs>
      <instance name="inst156951160"/>
      <instance name="inst513329292"/>
      <instance name="inst119675244"/>
    </outputs>
  </service>
  <service name="serv280044559" Res="3347.94" Ava="0.20" Suc="0.24" Rel="0.37" Lat="3963.15" Pri="7.30">
    <inputs>
      <instance name="inst23412428"/>
      <instance name="inst1185326455"/>
      <instance name="inst506775192"/>
      <instance name="inst266322176"/>
    </inputs>
    <outputs>
      <instance name="inst997306239"/>
      <instance name="inst1343853221"/>
      <instance name="inst991776462"/>
      <instance name="inst96325716"/>
      <instance name="inst767504691"/>
      <instance name="inst157975483"/>
    </outputs>
  </service>
  <service name="serv972728345" Res="4727.40" Ava="0.89" Suc="0.92" Rel="0.76" Lat="964.47" Pri="9.39">
    <inputs>
      <instance name="inst1823734892"/>
      <instance name="inst1954610757"/>
      <instance name="inst83013511"/>
      <instance name="inst1802434086"/>
      <instance name="inst1469609487"/>
      <instance name="inst1189217688"/>
      <instance name="inst920705723"/>
    </inputs>
    <outputs>
      <instance name="inst1593113026"/>
      <instance name="inst199552810"/>
      <instance name="inst1882311652"/>
      <instance name="inst1250867455"/>
      <instance name="inst96325716"/>
    </outputs>
  </service>
  <service name="serv1114869861" Res="4188.93" Ava="0.32" Suc="0.73" Rel="0.38" Lat="3784.08" Pri="2.98">
    <inputs>
      <instance name="inst727565908"/>
      <instance name="inst177023600"/>
      <instance name="inst79736461"/>
      <instance name="inst1359214110"/>
      <instance name="inst1605607043"/>
    </inputs>
    <outputs>
      <instance name="inst94687210"/>
      <instance name="inst1275445311"/>
      <instance name="inst881791263"/>
    </outputs>
  </service>
  <service name="serv1665412169" Res="1144.37" Ava="0.81" Suc="0.70" Rel="0.38" Lat="4171.71" Pri="3.50">
    <inputs>
      <instance name="inst927669963"/>
      <instance name="inst727155730"/>
      <instance name="inst1479440637"/>
      <instance name="inst233961816"/>
      <instance name="inst46965961"/>
      <instance name="inst756034997"/>
      <instance name="inst947536306"/>
      <instance name="inst435294275"/>
    </inputs>
    <outputs>
      <instance name="inst1874119008"/>
      <instance name="inst368524909"/>
      <instance name="inst513329292"/>
      <instance name="inst864381690"/>
      <instance name="inst1253120144"/>
      <instance name="inst1409394221"/>
      <instance name="inst901453563"/>
      <instance name="inst645229480"/>
    </outputs>
  </service>
  <service name="serv1807553685" Res="1236.54" Ava="0.83" Suc="0.43" Rel="0.54" Lat="2311.74" Pri="4.53">
    <inputs>
      <instance name="inst2112933518"/>
      <instance name="inst177023600"/>
      <instance name="inst1534536304"/>
      <instance name="inst1359214110"/>
      <instance name="inst1605607043"/>
    </inputs>
    <outputs>
      <instance name="inst1374370994"/>
      <instance name="inst549376842"/>
      <instance name="inst625977358"/>
    </outputs>
  </service>
  <service name="serv210612326" Res="2058.43" Ava="0.80" Suc="0.95" Rel="0.40" Lat="4934.47" Pri="8.07">
    <inputs>
      <instance name="inst401909592"/>
      <instance name="inst1123472645"/>
      <instance name="inst927874006"/>
      <instance name="inst1509958410"/>
      <instance name="inst488137215"/>
      <instance name="inst330224632"/>
    </inputs>
    <outputs>
      <instance name="inst1276673677"/>
      <instance name="inst371187776"/>
      <instance name="inst1949491158"/>
      <instance name="inst2075247424"/>
      <instance name="inst1140882256"/>
      <instance name="inst1442778904"/>
    </outputs>
  </service>
  <service name="serv352753842" Res="1057.71" Ava="0.40" Suc="0.42" Rel="0.50" Lat="3027.17" Pri="7.98">
    <inputs>
      <instance name="inst1350817461"/>
      <instance name="inst177023600"/>
      <instance name="inst1534536304"/>
      <instance name="inst1359214110"/>
      <instance name="inst1605607043"/>
    </inputs>
    <outputs>
      <instance name="inst2102078007"/>
      <instance name="inst1388093377"/>
    </outputs>
  </service>
  <service name="serv903296112" Res="2154.16" Ava="0.28" Suc="0.48" Rel="0.72" Lat="1022.46" Pri="7.90">
    <inputs>
      <instance name="inst2050259390"/>
      <instance name="inst779588530"/>
      <instance name="inst1194133244"/>
      <instance name="inst131144900"/>
    </inputs>
    <outputs>
      <instance name="inst129506394"/>
      <instance name="inst1532897760"/>
      <instance name="inst76459411"/>
    </outputs>
  </service>
  <service name="serv1045437628" Res="1037.77" Ava="0.57" Suc="0.52" Rel="0.48" Lat="3729.00" Pri="0.96">
    <inputs>
      <instance name="inst34882084"/>
      <instance name="inst177023600"/>
      <instance name="inst79736461"/>
      <instance name="inst1359214110"/>
      <instance name="inst1605607043"/>
    </inputs>
    <outputs>
      <instance name="inst1726447753"/>
      <instance name="inst2035922824"/>
      <instance name="inst695409591"/>
    </outputs>
  </service>
  <service name="serv1595979936" Res="2529.00" Ava="0.59" Suc="0.36" Rel="0.80" Lat="4132.26" Pri="9.63">
    <inputs>
      <instance name="inst722240174"/>
      <instance name="inst1605811086"/>
      <instance name="inst1932695768"/>
      <instance name="inst653218081"/>
      <instance name="inst132373266"/>
    </inputs>
    <outputs>
      <instance name="inst1352045827"/>
      <instance name="inst2069921690"/>
      <instance name="inst679024341"/>
      <instance name="inst199552810"/>
      <instance name="inst2084054251"/>
      <instance name="inst375693192"/>
    </outputs>
  </service>
  <service name="serv141180093" Res="1659.56" Ava="0.57" Suc="0.45" Rel="0.59" Lat="1849.50" Pri="3.98">
    <inputs>
      <instance name="inst1132689612"/>
      <instance name="inst1166074295"/>
      <instance name="inst1789325886"/>
      <instance name="inst516606342"/>
      <instance name="inst1636943042"/>
    </inputs>
    <outputs>
      <instance name="inst1446670137"/>
      <instance name="inst2115800390"/>
      <instance name="inst549991025"/>
      <instance name="inst1828854491"/>
    </outputs>
  </service>
  <service name="serv1738121452" Res="4923.43" Ava="0.71" Suc="0.33" Rel="0.84" Lat="4436.02" Pri="3.86">
    <inputs>
      <instance name="inst727565908"/>
      <instance name="inst177023600"/>
      <instance name="inst1534536304"/>
      <instance name="inst1359214110"/>
      <instance name="inst1605607043"/>
    </inputs>
    <outputs>
      <instance name="inst455980898"/>
      <instance name="inst349886932"/>
      <instance name="inst1941912735"/>
    </outputs>
  </service>
  <service name="serv833863879" Res="4543.39" Ava="0.92" Suc="0.23" Rel="0.83" Lat="3307.52" Pri="5.87">
    <inputs>
      <instance name="inst1534536304"/>
      <instance name="inst648302525"/>
      <instance name="inst911284713"/>
      <instance name="inst1846674242"/>
      <instance name="inst1332383527"/>
      <instance name="inst154084250"/>
    </inputs>
    <outputs>
      <instance name="inst102265633"/>
      <instance name="inst294791265"/>
      <instance name="inst1735254542"/>
      <instance name="inst226383393"/>
      <instance name="inst921730046"/>
    </outputs>
  </service>
  <service name="serv283321609" Res="4448.86" Ava="0.56" Suc="0.64" Rel="0.67" Lat="915.48" Pri="9.07">
    <inputs>
      <instance name="inst347634243"/>
      <instance name="inst746203847"/>
      <instance name="inst722854357"/>
      <instance name="inst1881697469"/>
    </inputs>
    <outputs>
      <instance name="inst1736893086"/>
      <instance name="inst727565908"/>
      <instance name="inst1423526744"/>
      <instance name="inst1534536304"/>
      <instance name="inst527665858"/>
      <instance name="inst1605607043"/>
    </outputs>
  </service>
  <service name="serv976005395" Res="4767.72" Ava="0.18" Suc="0.09" Rel="0.81" Lat="3170.82" Pri="4.09">
    <inputs>
      <instance name="inst1281385228"/>
      <instance name="inst586038575"/>
      <instance name="inst1117532728"/>
      <instance name="inst1541294409"/>
    </inputs>
    <outputs>
      <instance name="inst1519789560"/>
      <instance name="inst2092246857"/>
      <instance name="inst1326239605"/>
      <instance name="inst1437249127"/>
      <instance name="inst722854357"/>
      <instance name="inst1881697469"/>
    </outputs>
  </service>
  <service name="serv1526547703" Res="2409.06" Ava="0.38" Suc="0.56" Rel="0.56" Lat="4898.61" Pri="0.49">
    <inputs>
      <instance name="inst995667695"/>
      <instance name="inst1305552944"/>
      <instance name="inst2123378851"/>
      <instance name="inst478306065"/>
      <instance name="inst421571892"/>
      <instance name="inst190335843"/>
      <instance name="inst1064895923"/>
      <instance name="inst517834708"/>
    </inputs>
    <outputs>
      <instance name="inst1622196336"/>
      <instance name="inst1964852085"/>
      <instance name="inst767094513"/>
      <instance name="inst1032739606"/>
      <instance name="inst1109750262"/>
    </outputs>
  </service>
  <service name="serv71747860" Res="1863.75" Ava="0.96" Suc="0.88" Rel="0.36" Lat="3611.00" Pri="5.05">
    <inputs>
      <instance name="inst617784714"/>
      <instance name="inst84241877"/>
      <instance name="inst642362608"/>
      <instance name="inst875851346"/>
      <instance name="inst134011810"/>
      <instance name="inst936476790"/>
      <instance name="inst661000547"/>
      <instance name="inst1423116604"/>
    </inputs>
    <outputs>
      <instance name="inst629868591"/>
      <instance name="inst199552810"/>
      <instance name="inst1133917978"/>
      <instance name="inst907597523"/>
      <instance name="inst860490457"/>
      <instance name="inst1820661885"/>
      <instance name="inst715686074"/>
      <instance name="inst1978574468"/>
      <instance name="inst963307373"/>
    </outputs>
  </service>
  <service name="serv764431646" Res="2445.51" Ava="0.32" Suc="0.68" Rel="0.39" Lat="1811.96" Pri="8.28">
    <inputs>
      <instance name="inst1281385228"/>
      <instance name="inst724492863"/>
      <instance name="inst990752139"/>
      <instance name="inst10508233"/>
      <instance name="inst25050934"/>
      <instance name="inst91410160"/>
    </inputs>
    <outputs>
      <instance name="inst1206627261"/>
      <instance name="inst215323877"/>
      <instance name="inst488137215"/>
    </outputs>
  </service>
  <service name="serv1668689219" Res="4504.31" Ava="0.63" Suc="0.92" Rel="0.74" Lat="4837.20" Pri="2.87">
    <inputs>
      <instance name="inst934428106"/>
      <instance name="inst395151449"/>
      <instance name="inst198528449"/>
    </inputs>
    <outputs>
      <instance name="inst788395357"/>
      <instance name="inst494895358"/>
    </outputs>
  </service>
  <service name="serv213889376" Res="1702.95" Ava="0.73" Suc="0.40" Rel="0.62" Lat="2562.30" Pri="2.30">
    <inputs>
      <instance name="inst934428106"/>
      <instance name="inst395151449"/>
      <instance name="inst198528449"/>
    </inputs>
    <outputs>
      <instance name="inst1037040979"/>
      <instance name="inst551629531"/>
      <instance name="inst1321324011"/>
      <instance name="inst238877410"/>
      <instance name="inst1117532728"/>
    </outputs>
  </service>
  <service name="serv1457115470" Res="1756.40" Ava="0.16" Suc="0.11" Rel="0.83" Lat="2170.90" Pri="5.34">
    <inputs>
      <instance name="inst1214205722"/>
      <instance name="inst193612893"/>
      <instance name="inst385320299"/>
      <instance name="inst304418410"/>
      <instance name="inst1838481636"/>
    </inputs>
    <outputs>
      <instance name="inst2034284318"/>
      <instance name="inst1584920420"/>
      <instance name="inst995667695"/>
      <instance name="inst2108221967"/>
      <instance name="inst70519494"/>
      <instance name="inst799865013"/>
    </outputs>
  </service>
  <service name="serv2315627" Res="4215.20" Ava="0.50" Suc="0.94" Rel="0.41" Lat="2611.74" Pri="6.97">
    <inputs>
      <instance name="inst185830427"/>
      <instance name="inst155926799"/>
      <instance name="inst1820661885"/>
      <instance name="inst1777856192"/>
      <instance name="inst1397514387"/>
      <instance name="inst1091726506"/>
      <instance name="inst1475139226"/>
    </inputs>
    <outputs>
      <instance name="inst93458844"/>
      <instance name="inst2029982907"/>
      <instance name="inst560846498"/>
      <instance name="inst1880058925"/>
    </outputs>
  </service>
  <service name="serv906573162" Res="3556.97" Ava="0.83" Suc="0.82" Rel="0.39" Lat="609.89" Pri="8.92">
    <inputs>
      <instance name="inst934428106"/>
      <instance name="inst395151449"/>
      <instance name="inst198528449"/>
    </inputs>
    <outputs>
      <instance name="inst1060594512"/>
      <instance name="inst1554812787"/>
      <instance name="inst355416709"/>
    </outputs>
  </service>
  <service name="serv694999413" Res="1204.29" Ava="0.84" Suc="0.78" Rel="0.45" Lat="4791.20" Pri="0.23">
    <inputs>
      <instance name="inst388801392"/>
      <instance name="inst1903612458"/>
      <instance name="inst1403864444"/>
    </inputs>
    <outputs>
      <instance name="inst446149748"/>
      <instance name="inst137699000"/>
      <instance name="inst344357193"/>
    </outputs>
  </service>
  <service name="serv1387683237" Res="2469.51" Ava="0.75" Suc="0.41" Rel="0.47" Lat="434.53" Pri="2.59">
    <inputs>
      <instance name="inst521521898"/>
      <instance name="inst1158495872"/>
      <instance name="inst279430376"/>
      <instance name="inst359307942"/>
    </inputs>
    <outputs>
      <instance name="inst1817794975"/>
      <instance name="inst1301661711"/>
      <instance name="inst1195157605"/>
      <instance name="inst612254975"/>
      <instance name="inst1134942339"/>
      <instance name="inst1051377545"/>
      <instance name="inst582351347"/>
    </outputs>
  </service>
  <service name="serv2080367023" Res="3382.11" Ava="0.85" Suc="0.47" Rel="0.69" Lat="3561.28" Pri="5.96">
    <inputs>
      <instance name="inst1565258120"/>
      <instance name="inst2021790301"/>
      <instance name="inst1162797245"/>
      <instance name="inst1314769911"/>
      <instance name="inst1176519628"/>
      <instance name="inst71543817"/>
      <instance name="inst1914467969"/>
    </inputs>
    <outputs>
      <instance name="inst1944165424"/>
      <instance name="inst475029015"/>
      <instance name="inst283117566"/>
    </outputs>
  </service>
  <service name="serv625567180" Res="2213.52" Ava="0.61" Suc="0.86" Rel="0.40" Lat="1353.56" Pri="8.79">
    <inputs>
      <instance name="inst2117849074"/>
      <instance name="inst249322743"/>
      <instance name="inst813587396"/>
      <instance name="inst1404068487"/>
      <instance name="inst1798746858"/>
    </inputs>
    <outputs>
      <instance name="inst1243699172"/>
      <instance name="inst1468995304"/>
      <instance name="inst1405706993"/>
      <instance name="inst1689990025"/>
      <instance name="inst371801959"/>
      <instance name="inst1587173109"/>
      <instance name="inst34471944"/>
    </outputs>
  </service>
  <service name="serv1318251004" Res="4458.28" Ava="0.76" Suc="0.13" Rel="0.45" Lat="143.83" Pri="1.40">
    <inputs>
      <instance name="inst322032026"/>
      <instance name="inst1536788993"/>
      <instance name="inst1263975655"/>
    </inputs>
    <outputs>
      <instance name="inst1218096955"/>
      <instance name="inst446149748"/>
      <instance name="inst242768643"/>
      <instance name="inst973752706"/>
      <instance name="inst1892142802"/>
      <instance name="inst194023033"/>
      <instance name="inst287008799"/>
      <instance name="inst2107607784"/>
    </outputs>
  </service>
  <service name="serv1599256986" Res="2358.86" Ava="0.25" Suc="0.61" Rel="0.59" Lat="1403.19" Pri="6.72">
    <inputs>
      <instance name="inst934428106"/>
      <instance name="inst395151449"/>
      <instance name="inst198528449"/>
    </inputs>
    <outputs>
      <instance name="inst267960682"/>
      <instance name="inst1485380554"/>
      <instance name="inst1048100495"/>
    </outputs>
  </service>
  <service name="serv144457143" Res="2270.11" Ava="0.17" Suc="0.20" Rel="0.35" Lat="2000.99" Pri="6.92">
    <inputs>
      <instance name="inst934428106"/>
      <instance name="inst395151449"/>
      <instance name="inst198528449"/>
    </inputs>
    <outputs>
      <instance name="inst753372130"/>
      <instance name="inst1371708127"/>
      <instance name="inst1281385228"/>
    </outputs>
  </service>
  <service name="serv2010934790" Res="751.99" Ava="0.60" Suc="0.42" Rel="0.70" Lat="2353.28" Pri="6.70">
    <inputs>
      <instance name="inst1774169002"/>
      <instance name="inst1423526744"/>
      <instance name="inst680662847"/>
      <instance name="inst837551107"/>
      <instance name="inst233347633"/>
      <instance name="inst231298949"/>
      <instance name="inst1029462556"/>
    </inputs>
    <outputs>
      <instance name="inst1410622587"/>
      <instance name="inst817274624"/>
      <instance name="inst650555214"/>
      <instance name="inst1695929942"/>
    </outputs>
  </service>
  <service name="serv556134947" Res="1239.12" Ava="0.11" Suc="0.15" Rel="0.45" Lat="3384.65" Pri="5.26">
    <inputs>
      <instance name="inst1746724236"/>
      <instance name="inst211636649"/>
      <instance name="inst585628397"/>
      <instance name="inst714457708"/>
      <instance name="inst1168941205"/>
    </inputs>
    <outputs>
      <instance name="inst1718255109"/>
      <instance name="inst1790964392"/>
      <instance name="inst1861624991"/>
    </outputs>
  </service>
  <service name="serv1248818771" Res="185.31" Ava="0.15" Suc="0.59" Rel="0.83" Lat="1641.91" Pri="2.03">
    <inputs>
      <instance name="inst2018513251"/>
      <instance name="inst1484356193"/>
      <instance name="inst706469107"/>
      <instance name="inst1678316326"/>
      <instance name="inst616760391"/>
    </inputs>
    <outputs>
      <instance name="inst1742833003"/>
      <instance name="inst2027320040"/>
      <instance name="inst266732316"/>
      <instance name="inst1110364445"/>
      <instance name="inst505136648"/>
    </outputs>
  </service>
  <service name="serv1941502557" Res="4673.10" Ava="0.31" Suc="0.72" Rel="0.46" Lat="3928.14" Pri="8.66">
    <inputs>
      <instance name="inst1465718254"/>
      <instance name="inst394741309"/>
      <instance name="inst521521898"/>
      <instance name="inst1582257553"/>
      <instance name="inst658747858"/>
      <instance name="inst278816193"/>
    </inputs>
    <outputs>
      <instance name="inst1004884662"/>
      <instance name="inst1045233623"/>
      <instance name="inst1871866319"/>
      <instance name="inst817888807"/>
      <instance name="inst1319275327"/>
      <instance name="inst1560342526"/>
      <instance name="inst1746724236"/>
      <instance name="inst1476777770"/>
    </outputs>
  </service>
  <service name="serv486702714" Res="3306.07" Ava="0.23" Suc="0.59" Rel="0.76" Lat="968.58" Pri="5.82">
    <inputs>
      <instance name="inst1529620710"/>
      <instance name="inst1803048269"/>
      <instance name="inst574158741"/>
      <instance name="inst1450357327"/>
      <instance name="inst1584920420"/>
      <instance name="inst491004125"/>
      <instance name="inst583785848"/>
    </inputs>
    <outputs>
      <instance name="inst714047530"/>
      <instance name="inst1626497709"/>
      <instance name="inst1962189218"/>
      <instance name="inst80964827"/>
    </outputs>
  </service>
  <service name="serv1179386538" Res="2150.31" Ava="0.43" Suc="0.23" Rel="0.42" Lat="4924.84" Pri="6.84">
    <inputs>
      <instance name="inst871345930"/>
    </inputs>
    <outputs>
      <instance name="inst1931467402"/>
      <instance name="inst433655731"/>
      <instance name="inst1065099928"/>
      <instance name="inst34882084"/>
      <instance name="inst662639091"/>
      <instance name="inst1582667693"/>
    </outputs>
  </service>
  <service name="serv837140929" Res="2427.60" Ava="0.25" Suc="0.31" Rel="0.56" Lat="4861.28" Pri="9.64">
    <inputs>
      <instance name="inst934428106"/>
      <instance name="inst395151449"/>
      <instance name="inst198528449"/>
    </inputs>
    <outputs>
      <instance name="inst1282613594"/>
      <instance name="inst1281385228"/>
    </outputs>
  </service>
  <service name="serv1872070324" Res="134.85" Ava="0.28" Suc="0.56" Rel="0.37" Lat="2230.84" Pri="1.74">
    <inputs>
      <instance name="inst198938627"/>
      <instance name="inst1270119577"/>
      <instance name="inst674108747"/>
      <instance name="inst1352660010"/>
      <instance name="inst592182497"/>
      <instance name="inst1576727776"/>
      <instance name="inst1442778904"/>
      <instance name="inst984608179"/>
    </inputs>
    <outputs>
      <instance name="inst1169351345"/>
      <instance name="inst799865013"/>
      <instance name="inst1879648785"/>
      <instance name="inst2039814057"/>
      <instance name="inst1390756244"/>
      <instance name="inst1530234893"/>
    </outputs>
  </service>
  <service name="serv417270481" Res="524.05" Ava="0.57" Suc="0.81" Rel="0.86" Lat="533.79" Pri="1.25">
    <inputs>
      <instance name="inst747432213"/>
      <instance name="inst1423116604"/>
      <instance name="inst1693063070"/>
      <instance name="inst1982261658"/>
      <instance name="inst340055782"/>
      <instance name="inst1256807372"/>
      <instance name="inst1475549404"/>
      <instance name="inst360742443"/>
      <instance name="inst1880262968"/>
    </inputs>
    <outputs>
      <instance name="inst1406117171"/>
      <instance name="inst713433347"/>
      <instance name="inst219215110"/>
      <instance name="inst477895925"/>
      <instance name="inst1597414437"/>
      <instance name="inst1907503691"/>
      <instance name="inst156951160"/>
    </outputs>
  </service>
  <service name="serv1529824753" Res="4902.15" Ava="0.90" Suc="0.81" Rel="0.62" Lat="88.31" Pri="2.76">
    <inputs>
      <instance name="inst934428106"/>
      <instance name="inst395151449"/>
      <instance name="inst198528449"/>
    </inputs>
    <outputs>
      <instance name="inst1242060628"/>
      <instance name="inst519269209"/>
    </outputs>
  </service>
  <service name="serv1109954305" Res="508.10" Ava="0.49" Suc="0.87" Rel="0.62" Lat="3957.14" Pri="2.76">
    <inputs>
      <instance name="inst2111294974"/>
      <instance name="inst1777856192"/>
      <instance name="inst667964825"/>
      <instance name="inst116398194"/>
      <instance name="inst1358599927"/>
      <instance name="inst963307373"/>
    </inputs>
    <outputs>
      <instance name="inst732071324"/>
      <instance name="inst1136170705"/>
      <instance name="inst1044209262"/>
      <instance name="inst1346105910"/>
      <instance name="inst1242060628"/>
    </outputs>
  </service>
  <service name="serv1802638091" Res="1666.97" Ava="0.87" Suc="0.16" Rel="0.82" Lat="2064.17" Pri="1.15">
    <inputs>
      <instance name="inst1883540018"/>
      <instance name="inst1402429943"/>
      <instance name="inst1706171270"/>
      <instance name="inst775287157"/>
    </inputs>
    <outputs>
      <instance name="inst898176513"/>
      <instance name="inst231913132"/>
      <instance name="inst1306577305"/>
      <instance name="inst1172628395"/>
      <instance name="inst1138219389"/>
      <instance name="inst867658740"/>
    </outputs>
  </service>
  <service name="serv347838248" Res="4602.54" Ava="0.54" Suc="0.33" Rel="0.74" Lat="1102.19" Pri="5.35">
    <inputs>
      <instance name="inst798840690"/>
      <instance name="inst443282876"/>
      <instance name="inst1147436356"/>
      <instance name="inst1418815193"/>
    </inputs>
    <outputs>
      <instance name="inst763203280"/>
      <instance name="inst2030597090"/>
      <instance name="inst817888807"/>
      <instance name="inst1610112459"/>
    </outputs>
  </service>
  <service name="serv75024910" Res="1617.99" Ava="0.60" Suc="0.76" Rel="0.55" Lat="3379.88" Pri="6.38">
    <inputs>
      <instance name="inst934428106"/>
      <instance name="inst395151449"/>
      <instance name="inst198528449"/>
    </inputs>
    <outputs>
      <instance name="inst27303661"/>
      <instance name="inst1904636819"/>
    </outputs>
  </service>
  <service name="serv1040522072" Res="3903.24" Ava="0.49" Suc="0.32" Rel="0.36" Lat="918.10" Pri="0.81">
    <inputs>
      <instance name="inst2039814057"/>
      <instance name="inst1446670137"/>
    </inputs>
    <outputs>
      <instance name="inst1040932212"/>
      <instance name="inst349886932"/>
      <instance name="inst224744849"/>
      <instance name="inst19725200"/>
      <instance name="inst26279300"/>
    </outputs>
  </service>
  <service name="serv1733205858" Res="4418.68" Ava="0.95" Suc="0.23" Rel="0.33" Lat="1590.53" Pri="5.04">
    <inputs>
      <instance name="inst692746724"/>
      <instance name="inst13581278"/>
      <instance name="inst1905865185"/>
      <instance name="inst710770480"/>
      <instance name="inst1198844795"/>
      <instance name="inst700939330"/>
    </inputs>
    <outputs>
      <instance name="inst1346516088"/>
      <instance name="inst2037561368"/>
    </outputs>
  </service>
  <service name="serv767708696" Res="478.91" Ava="0.51" Suc="0.48" Rel="0.47" Lat="3698.33" Pri="5.74">
    <inputs>
      <instance name="inst421571892"/>
      <instance name="inst1254144505"/>
      <instance name="inst1122448322"/>
      <instance name="inst1398538710"/>
      <instance name="inst1260698605"/>
    </inputs>
    <outputs>
      <instance name="inst1893781308"/>
      <instance name="inst2035512684"/>
      <instance name="inst588905447"/>
      <instance name="inst1913443608"/>
    </outputs>
  </service>
  <service name="serv1460392520" Res="280.57" Ava="0.25" Suc="0.18" Rel="0.71" Lat="216.16" Pri="5.90">
    <inputs>
      <instance name="inst421571892"/>
      <instance name="inst1254144505"/>
      <instance name="inst1122448322"/>
      <instance name="inst1398538710"/>
      <instance name="inst1260698605"/>
    </inputs>
    <outputs>
      <instance name="inst347634243"/>
      <instance name="inst1947442474"/>
      <instance name="inst1466332437"/>
      <instance name="inst317730615"/>
      <instance name="inst1913443608"/>
    </outputs>
  </service>
  <service name="serv278406015" Res="4120.72" Ava="0.27" Suc="0.69" Rel="0.47" Lat="1036.03" Pri="4.28">
    <inputs>
      <instance name="inst1460802660"/>
      <instance name="inst1500127260"/>
      <instance name="inst1121219956"/>
      <instance name="inst2098390817"/>
      <instance name="inst1134942339"/>
      <instance name="inst289261526"/>
    </inputs>
    <outputs>
      <instance name="inst199552810"/>
      <instance name="inst1334636254"/>
      <instance name="inst1322962555"/>
      <instance name="inst730432780"/>
      <instance name="inst624338814"/>
    </outputs>
  </service>
  <service name="serv971089839" Res="2643.59" Ava="0.71" Suc="0.80" Rel="0.46" Lat="3764.20" Pri="3.26">
    <inputs>
      <instance name="inst1747748559"/>
      <instance name="inst1521017926"/>
      <instance name="inst438571325"/>
      <instance name="inst1156857328"/>
    </inputs>
    <outputs>
      <instance name="inst1391984610"/>
      <instance name="inst1453634377"/>
      <instance name="inst125204983"/>
      <instance name="inst1202325888"/>
      <instance name="inst1003246156"/>
    </outputs>
  </service>
  <service name="serv1663773625" Res="4914.48" Ava="0.29" Suc="0.70" Rel="0.35" Lat="8.18" Pri="4.57">
    <inputs>
      <instance name="inst438571325"/>
      <instance name="inst463149181"/>
      <instance name="inst932789562"/>
      <instance name="inst675747291"/>
      <instance name="inst498582548"/>
    </inputs>
    <outputs>
      <instance name="inst2035922824"/>
      <instance name="inst1418611188"/>
      <instance name="inst222492160"/>
      <instance name="inst1388707560"/>
      <instance name="inst264069449"/>
      <instance name="inst1117942906"/>
    </outputs>
  </service>
  <service name="serv5592677" Res="4597.71" Ava="0.91" Suc="0.23" Rel="0.77" Lat="3270.31" Pri="7.28">
    <inputs>
      <instance name="inst421571892"/>
      <instance name="inst7641361"/>
      <instance name="inst1122448322"/>
      <instance name="inst1398538710"/>
      <instance name="inst1260698605"/>
    </inputs>
    <outputs>
      <instance name="inst410512376"/>
      <instance name="inst799865013"/>
      <instance name="inst2101667867"/>
      <instance name="inst1475549404"/>
      <instance name="inst1696544125"/>
      <instance name="inst1357985744"/>
    </outputs>
  </service>
  <service name="serv208973782" Res="390.66" Ava="0.10" Suc="0.85" Rel="0.42" Lat="1709.15" Pri="4.58">
    <inputs>
      <instance name="inst1039293706"/>
      <instance name="inst1618919286"/>
      <instance name="inst2067669001"/>
      <instance name="inst1117942906"/>
      <instance name="inst399042682"/>
    </inputs>
    <outputs>
      <instance name="inst1108111756"/>
      <instance name="inst1075955439"/>
      <instance name="inst559822175"/>
    </outputs>
  </service>
  <service name="serv901657606" Res="2481.11" Ava="0.13" Suc="0.45" Rel="0.72" Lat="1226.22" Pri="9.51">
    <inputs>
      <instance name="inst793925096"/>
      <instance name="inst1214205722"/>
      <instance name="inst375489149"/>
      <instance name="inst102265633"/>
      <instance name="inst1283227777"/>
      <instance name="inst791058224"/>
      <instance name="inst325923259"/>
      <instance name="inst416042115"/>
    </inputs>
    <outputs>
      <instance name="inst46965961"/>
      <instance name="inst979692623"/>
      <instance name="inst1803048269"/>
      <instance name="inst2037561368"/>
    </outputs>
  </service>
  <service name="serv1594341392" Res="2000.10" Ava="0.63" Suc="0.76" Rel="0.75" Lat="2398.75" Pri="6.14">
    <inputs>
      <instance name="inst740263930"/>
      <instance name="inst1213795544"/>
      <instance name="inst660386364"/>
      <instance name="inst1736893086"/>
    </inputs>
    <outputs>
      <instance name="inst1527982204"/>
      <instance name="inst166168127"/>
      <instance name="inst1806939502"/>
      <instance name="inst324694893"/>
      <instance name="inst1043595079"/>
    </outputs>
  </service>
  <service name="serv139541549" Res="3570.53" Ava="0.86" Suc="0.75" Rel="0.40" Lat="1422.46" Pri="4.76">
    <inputs>
      <instance name="inst78712100"/>
      <instance name="inst1763723669"/>
      <instance name="inst1612775326"/>
      <instance name="inst1071654028"/>
      <instance name="inst1143134945"/>
      <instance name="inst1202325888"/>
    </inputs>
    <outputs>
      <instance name="inst2075247424"/>
      <instance name="inst1841348508"/>
      <instance name="inst1203350211"/>
      <instance name="inst1762085125"/>
      <instance name="inst963307373"/>
      <instance name="inst997306239"/>
    </outputs>
  </service>
  <service name="serv832225373" Res="4438.11" Ava="0.06" Suc="0.25" Rel="0.71" Lat="3837.06" Pri="1.30">
    <inputs>
      <instance name="inst1346516088"/>
      <instance name="inst1897672541"/>
      <instance name="inst1687737336"/>
      <instance name="inst100627127"/>
    </inputs>
    <outputs>
      <instance name="inst1344467404"/>
      <instance name="inst2106583423"/>
      <instance name="inst18700877"/>
      <instance name="inst916814490"/>
      <instance name="inst200577133"/>
    </outputs>
  </service>
  <service name="serv698276463" Res="1964.04" Ava="0.07" Suc="0.59" Rel="0.86" Lat="946.45" Pri="1.52">
    <inputs>
      <instance name="inst421571892"/>
      <instance name="inst1254144505"/>
      <instance name="inst1122448322"/>
      <instance name="inst1398538710"/>
      <instance name="inst1260698605"/>
    </inputs>
    <outputs>
      <instance name="inst541798381"/>
      <instance name="inst1465104071"/>
      <instance name="inst775287157"/>
      <instance name="inst2031007268"/>
      <instance name="inst385524342"/>
      <instance name="inst179276327"/>
    </outputs>
  </service>
  <service name="serv1390960287" Res="2902.30" Ava="0.38" Suc="0.39" Rel="0.51" Lat="3686.46" Pri="6.59">
    <inputs>
      <instance name="inst421571892"/>
      <instance name="inst7641361"/>
      <instance name="inst1122448322"/>
      <instance name="inst1398538710"/>
      <instance name="inst1953382391"/>
    </inputs>
    <outputs>
      <instance name="inst853936357"/>
      <instance name="inst1460802660"/>
      <instance name="inst1422092243"/>
      <instance name="inst1357985744"/>
    </outputs>
  </service>
  <service name="serv2083644073" Res="4520.11" Ava="0.31" Suc="0.06" Rel="0.74" Lat="3201.06" Pri="3.83">
    <inputs>
      <instance name="inst1651075603"/>
      <instance name="inst1725423392"/>
      <instance name="inst1996598224"/>
      <instance name="inst206106910"/>
      <instance name="inst961668829"/>
      <instance name="inst1652714109"/>
    </inputs>
    <outputs>
      <instance name="inst470113459"/>
      <instance name="inst76459411"/>
      <instance name="inst1755531025"/>
      <instance name="inst1668075036"/>
      <instance name="inst1323576738"/>
      <instance name="inst1122448322"/>
      <instance name="inst1952358068"/>
      <instance name="inst498582548"/>
    </outputs>
  </service>
  <service name="serv1524909159" Res="3551.95" Ava="0.19" Suc="0.46" Rel="0.65" Lat="418.28" Pri="7.92">
    <inputs>
      <instance name="inst166782310"/>
      <instance name="inst706879247"/>
      <instance name="inst769757380"/>
      <instance name="inst596894048"/>
      <instance name="inst681277030"/>
      <instance name="inst1991068485"/>
      <instance name="inst1223012511"/>
    </inputs>
    <outputs>
      <instance name="inst727155730"/>
      <instance name="inst1968743318"/>
      <instance name="inst853526179"/>
    </outputs>
  </service>
  <service name="serv628844230" Res="4946.39" Ava="0.94" Suc="0.78" Rel="0.53" Lat="1430.07" Pri="3.26">
    <inputs>
      <instance name="inst1833155902"/>
      <instance name="inst98988583"/>
      <instance name="inst201191316"/>
    </inputs>
    <outputs>
      <instance name="inst835298380"/>
      <instance name="inst1362901338"/>
      <instance name="inst1720507836"/>
      <instance name="inst1032739606"/>
      <instance name="inst679024341"/>
      <instance name="inst2004790868"/>
      <instance name="inst1168327022"/>
      <instance name="inst1166688478"/>
    </outputs>
  </service>
  <service name="serv70109316" Res="1216.06" Ava="0.81" Suc="0.35" Rel="0.49" Lat="1559.98" Pri="2.18">
    <inputs>
      <instance name="inst1894805669"/>
      <instance name="inst1309444177"/>
      <instance name="inst1752868158"/>
      <instance name="inst958391779"/>
      <instance name="inst688855491"/>
      <instance name="inst245021332"/>
    </inputs>
    <outputs>
      <instance name="inst1610726642"/>
      <instance name="inst2027730218"/>
      <instance name="inst1965466268"/>
      <instance name="inst1551535737"/>
      <instance name="inst861104640"/>
      <instance name="inst178251966"/>
      <instance name="inst2019537574"/>
    </outputs>
  </service>
  <service name="serv1321528054" Res="1870.62" Ava="0.47" Suc="0.45" Rel="0.66" Lat="936.53" Pri="1.25">
    <inputs>
      <instance name="inst1396900204"/>
      <instance name="inst963921556"/>
      <instance name="inst1179796678"/>
      <instance name="inst302369726"/>
    </inputs>
    <outputs>
      <instance name="inst1412671271"/>
      <instance name="inst97964260"/>
      <instance name="inst723264497"/>
      <instance name="inst1931467402"/>
      <instance name="inst2009706424"/>
      <instance name="inst1140472078"/>
      <instance name="inst1484356193"/>
      <instance name="inst201191316"/>
    </outputs>
  </service>
  <service name="serv2014211840" Res="1268.86" Ava="0.41" Suc="0.16" Rel="0.37" Lat="1145.65" Pri="0.05">
    <inputs>
      <instance name="inst624338814"/>
      <instance name="inst903706290"/>
      <instance name="inst280454699"/>
    </inputs>
    <outputs>
      <instance name="inst1832541719"/>
      <instance name="inst495919681"/>
      <instance name="inst755624857"/>
      <instance name="inst1733616036"/>
      <instance name="inst1687737336"/>
    </outputs>
  </service>
  <service name="serv762793140" Res="2299.14" Ava="0.19" Suc="0.40" Rel="0.79" Lat="4876.47" Pri="6.14">
    <inputs>
      <instance name="inst1956045258"/>
      <instance name="inst1841962691"/>
      <instance name="inst1674014953"/>
    </inputs>
    <outputs>
      <instance name="inst441234192"/>
      <instance name="inst1453634377"/>
      <instance name="inst588291264"/>
      <instance name="inst1120195595"/>
    </outputs>
  </service>
  <service name="serv559411997" Res="3489.07" Ava="0.81" Suc="0.94" Rel="0.77" Lat="4826.02" Pri="2.45">
    <inputs>
      <instance name="inst364633676"/>
      <instance name="inst1796494169"/>
      <instance name="inst1947442474"/>
    </inputs>
    <outputs>
      <instance name="inst1126749695"/>
      <instance name="inst1597414437"/>
      <instance name="inst277177649"/>
      <instance name="inst834274057"/>
      <instance name="inst973138523"/>
    </outputs>
  </service>
  <service name="serv1455476926" Res="1915.07" Ava="0.24" Suc="0.11" Rel="0.34" Lat="458.46" Pri="9.27">
    <inputs>
      <instance name="inst439595648"/>
      <instance name="inst1668075036"/>
      <instance name="inst989113595"/>
      <instance name="inst673494564"/>
      <instance name="inst1090087962"/>
      <instance name="inst1117532728"/>
      <instance name="inst1812879419"/>
    </inputs>
    <outputs>
      <instance name="inst642362608"/>
      <instance name="inst2108632107"/>
      <instance name="inst1516102370"/>
      <instance name="inst1407345537"/>
      <instance name="inst727155730"/>
      <instance name="inst276563466"/>
      <instance name="inst1421478060"/>
    </outputs>
  </service>
  <service name="serv677083" Res="1673.55" Ava="0.63" Suc="0.96" Rel="0.77" Lat="1817.69" Pri="1.95">
    <inputs>
      <instance name="inst1125111189"/>
      <instance name="inst679638524"/>
      <instance name="inst975391212"/>
      <instance name="inst1433972077"/>
      <instance name="inst1304528621"/>
    </inputs>
    <outputs>
      <instance name="inst785118307"/>
      <instance name="inst956139090"/>
      <instance name="inst1330130838"/>
      <instance name="inst1967718957"/>
      <instance name="inst564737731"/>
      <instance name="inst997306239"/>
    </outputs>
  </service>
  <service name="serv693360907" Res="4774.94" Ava="0.15" Suc="0.96" Rel="0.50" Lat="1660.01" Pri="7.03">
    <inputs>
      <instance name="inst2052308074"/>
      <instance name="inst249732883"/>
      <instance name="inst1468585126"/>
      <instance name="inst413379248"/>
      <instance name="inst106156866"/>
      <instance name="inst598736597"/>
    </inputs>
    <outputs>
      <instance name="inst162891077"/>
      <instance name="inst1693677253"/>
      <instance name="inst1112617172"/>
      <instance name="inst1321938194"/>
      <instance name="inst1350817461"/>
      <instance name="inst506365014"/>
      <instance name="inst517220525"/>
    </outputs>
  </service>
  <service name="serv1252095821" Res="3345.15" Ava="0.91" Suc="0.72" Rel="0.75" Lat="4569.14" Pri="1.34">
    <inputs>
      <instance name="inst364633676"/>
      <instance name="inst1796494169"/>
      <instance name="inst1947442474"/>
    </inputs>
    <outputs>
      <instance name="inst1752253975"/>
      <instance name="inst1554812787"/>
      <instance name="inst1247590405"/>
      <instance name="inst1596390076"/>
      <instance name="inst1735254542"/>
    </outputs>
  </service>
  <service name="serv1386044693" Res="4758.33" Ava="0.43" Suc="0.84" Rel="0.72" Lat="2973.38" Pri="5.04">
    <inputs>
      <instance name="inst721625991"/>
      <instance name="inst204468366"/>
      <instance name="inst1512825320"/>
      <instance name="inst1428442338"/>
    </inputs>
    <outputs>
      <instance name="inst1599052943"/>
      <instance name="inst1528596387"/>
      <instance name="inst609592108"/>
      <instance name="inst2080163018"/>
      <instance name="inst1275445311"/>
      <instance name="inst517220525"/>
      <instance name="inst1728086259"/>
      <instance name="inst91820300"/>
      <instance name="inst1379286588"/>
      <instance name="inst1812879419"/>
    </outputs>
  </service>
  <service name="serv2078728517" Res="1384.86" Ava="0.60" Suc="0.50" Rel="0.43" Lat="1069.65" Pri="9.80">
    <inputs>
      <instance name="inst399042682"/>
      <instance name="inst1598642803"/>
      <instance name="inst424234759"/>
      <instance name="inst1894805669"/>
    </inputs>
    <outputs>
      <instance name="inst352549799"/>
      <instance name="inst686192624"/>
      <instance name="inst1735254542"/>
      <instance name="inst1321938194"/>
      <instance name="inst212661010"/>
      <instance name="inst940368023"/>
      <instance name="inst2106993601"/>
      <instance name="inst760950591"/>
    </outputs>
  </service>
  <service name="serv623928674" Res="293.98" Ava="0.25" Suc="0.32" Rel="0.44" Lat="3731.95" Pri="6.17">
    <inputs>
      <instance name="inst1058956006"/>
    </inputs>
    <outputs>
      <instance name="inst1352045827"/>
      <instance name="inst516606342"/>
      <instance name="inst2029368724"/>
      <instance name="inst1471247993"/>
      <instance name="inst92434483"/>
    </outputs>
  </service>
  <service name="serv1316612460" Res="198.63" Ava="0.67" Suc="0.79" Rel="0.43" Lat="4389.14" Pri="8.61">
    <inputs>
      <instance name="inst350911293"/>
      <instance name="inst1499717120"/>
      <instance name="inst946922123"/>
      <instance name="inst1470223670"/>
      <instance name="inst16858328"/>
      <instance name="inst2022814624"/>
    </inputs>
    <outputs>
      <instance name="inst840213974"/>
      <instance name="inst992800823"/>
      <instance name="inst897152190"/>
      <instance name="inst1183687911"/>
      <instance name="inst173336410"/>
      <instance name="inst1049124856"/>
      <instance name="inst2139764101"/>
    </outputs>
  </service>
  <service name="serv1944779607" Res="3251.91" Ava="0.41" Suc="0.50" Rel="0.46" Lat="587.19" Pri="0.55">
    <inputs>
      <instance name="inst68880950"/>
      <instance name="inst1411646910"/>
      <instance name="inst1856095252"/>
    </inputs>
    <outputs>
      <instance name="inst999969106"/>
      <instance name="inst1134532161"/>
      <instance name="inst1050763362"/>
      <instance name="inst295201443"/>
      <instance name="inst1796494169"/>
      <instance name="inst1947442474"/>
    </outputs>
  </service>
  <service name="serv2009296284" Res="2662.76" Ava="0.63" Suc="0.32" Rel="0.85" Lat="419.42" Pri="6.82">
    <inputs>
      <instance name="inst362584992"/>
      <instance name="inst1169965528"/>
      <instance name="inst1766386536"/>
      <instance name="inst1477802093"/>
    </inputs>
    <outputs>
      <instance name="inst902067746"/>
      <instance name="inst999354923"/>
      <instance name="inst433655731"/>
      <instance name="inst1763723669"/>
      <instance name="inst219829293"/>
    </outputs>
  </service>
  <service name="serv554496441" Res="470.84" Ava="0.64" Suc="0.06" Rel="0.58" Lat="2618.94" Pri="7.76">
    <inputs>
      <instance name="inst954500546"/>
      <instance name="inst293562899"/>
      <instance name="inst1175495305"/>
      <instance name="inst1090702145"/>
      <instance name="inst911284713"/>
      <instance name="inst1821072025"/>
      <instance name="inst1764337852"/>
    </inputs>
    <outputs>
      <instance name="inst1919383525"/>
      <instance name="inst1631413303"/>
      <instance name="inst287008799"/>
      <instance name="inst686192624"/>
      <instance name="inst1897672541"/>
    </outputs>
  </service>
  <service name="serv1247180227" Res="3586.24" Ava="0.78" Suc="0.90" Rel="0.88" Lat="1254.61" Pri="1.15">
    <inputs>
      <instance name="inst84241877"/>
      <instance name="inst659772181"/>
      <instance name="inst1630388942"/>
      <instance name="inst2117849074"/>
      <instance name="inst233961816"/>
    </inputs>
    <outputs>
      <instance name="inst165757949"/>
      <instance name="inst212661010"/>
      <instance name="inst1046872129"/>
      <instance name="inst421982032"/>
      <instance name="inst1665208126"/>
    </outputs>
  </service>
  <service name="serv1939864051" Res="2080.23" Ava="0.49" Suc="0.20" Rel="0.38" Lat="3637.64" Pri="2.54">
    <inputs>
      <instance name="inst706879247"/>
      <instance name="inst1980212974"/>
      <instance name="inst33447583"/>
      <instance name="inst1318046961"/>
      <instance name="inst1329516655"/>
    </inputs>
    <outputs>
      <instance name="inst823828724"/>
      <instance name="inst993415006"/>
      <instance name="inst627001681"/>
      <instance name="inst1418201010"/>
    </outputs>
  </service>
  <service name="serv485064208" Res="1743.77" Ava="0.78" Suc="0.55" Rel="0.87" Lat="307.39" Pri="2.05">
    <inputs>
      <instance name="inst2048620884"/>
      <instance name="inst433655731"/>
      <instance name="inst1451585693"/>
      <instance name="inst2092246857"/>
      <instance name="inst1349382960"/>
      <instance name="inst1346516088"/>
    </inputs>
    <outputs>
      <instance name="inst1276673677"/>
      <instance name="inst1177543989"/>
      <instance name="inst208769777"/>
    </outputs>
  </service>
  <service name="serv1177747994" Res="155.93" Ava="0.08" Suc="0.49" Rel="0.56" Lat="3256.16" Pri="5.97">
    <inputs>
      <instance name="inst109229911"/>
      <instance name="inst1995573901"/>
      <instance name="inst1766386536"/>
      <instance name="inst284345932"/>
      <instance name="inst1686508970"/>
      <instance name="inst1728700442"/>
      <instance name="inst1253120144"/>
    </inputs>
    <outputs>
      <instance name="inst534015915"/>
      <instance name="inst1312107044"/>
      <instance name="inst13171100"/>
    </outputs>
  </service>
  <service name="serv489979764" Res="3438.08" Ava="0.16" Suc="0.17" Rel="0.66" Lat="523.59" Pri="1.24">
    <inputs>
      <instance name="inst68880950"/>
      <instance name="inst1411646910"/>
      <instance name="inst1856095252"/>
    </inputs>
    <outputs>
      <instance name="inst2104330734"/>
      <instance name="inst1750001286"/>
      <instance name="inst478920248"/>
      <instance name="inst1046461989"/>
    </outputs>
  </service>
  <service name="serv1870431818" Res="3003.10" Ava="0.59" Suc="0.17" Rel="0.33" Lat="2312.61" Pri="1.05">
    <inputs>
      <instance name="inst154084250"/>
      <instance name="inst2059476357"/>
      <instance name="inst1683846103"/>
      <instance name="inst795973780"/>
      <instance name="inst1868179091"/>
      <instance name="inst1757783752"/>
    </inputs>
    <outputs>
      <instance name="inst96325716"/>
      <instance name="inst624338814"/>
      <instance name="inst1259060061"/>
      <instance name="inst648916708"/>
      <instance name="inst888959546"/>
      <instance name="inst197300083"/>
      <instance name="inst762589097"/>
      <instance name="inst143842960"/>
    </outputs>
  </service>
  <service name="serv415631975" Res="4804.88" Ava="0.68" Suc="0.18" Rel="0.53" Lat="4123.73" Pri="6.46">
    <inputs>
      <instance name="inst1969767641"/>
      <instance name="inst1408984043"/>
    </inputs>
    <outputs>
      <instance name="inst834888240"/>
      <instance name="inst1312107044"/>
      <instance name="inst1669099359"/>
    </outputs>
  </service>
  <service name="serv1108315761" Res="4463.94" Ava="0.46" Suc="0.89" Rel="0.35" Lat="2930.14" Pri="3.11">
    <inputs>
      <instance name="inst1346105910"/>
      <instance name="inst529304364"/>
      <instance name="inst1835818769"/>
      <instance name="inst209383960"/>
      <instance name="inst908621846"/>
      <instance name="inst1628136253"/>
      <instance name="inst301755543"/>
      <instance name="inst469703281"/>
    </inputs>
    <outputs>
      <instance name="inst2037561368"/>
      <instance name="inst1405092810"/>
      <instance name="inst1445441771"/>
      <instance name="inst1126749695"/>
    </outputs>
  </service>
  <service name="serv1182663588" Res="766.08" Ava="0.16" Suc="0.58" Rel="0.78" Lat="2167.54" Pri="4.87">
    <inputs>
      <instance name="inst207745416"/>
      <instance name="inst2104330734"/>
      <instance name="inst1856095252"/>
    </inputs>
    <outputs>
      <instance name="inst760950591"/>
      <instance name="inst295201443"/>
      <instance name="inst1796494169"/>
      <instance name="inst1947442474"/>
    </outputs>
  </service>
  <service name="serv1800999585" Res="1540.37" Ava="0.32" Suc="0.16" Rel="0.49" Lat="1490.26" Pri="1.27">
    <inputs>
      <instance name="inst2012369291"/>
      <instance name="inst1261312788"/>
      <instance name="inst910874573"/>
      <instance name="inst809696163"/>
      <instance name="inst906983340"/>
    </inputs>
    <outputs>
      <instance name="inst574158741"/>
      <instance name="inst1470633810"/>
      <instance name="inst1585534603"/>
      <instance name="inst371187776"/>
      <instance name="inst503087964"/>
      <instance name="inst304008232"/>
      <instance name="inst1187989322"/>
    </outputs>
  </service>
  <service name="serv346199742" Res="4910.54" Ava="0.81" Suc="0.39" Rel="0.35" Lat="2486.74" Pri="1.52">
    <inputs>
      <instance name="inst1741194459"/>
    </inputs>
    <outputs>
      <instance name="inst1334022071"/>
      <instance name="inst306260959"/>
      <instance name="inst1418611188"/>
      <instance name="inst1135556522"/>
      <instance name="inst200166993"/>
      <instance name="inst840213974"/>
    </outputs>
  </service>
  <service name="serv1875347374" Res="602.17" Ava="0.36" Suc="0.34" Rel="0.56" Lat="64.07" Pri="3.96">
    <inputs>
      <instance name="inst68880950"/>
      <instance name="inst1411646910"/>
      <instance name="inst1856095252"/>
    </inputs>
    <outputs>
      <instance name="inst916814490"/>
      <instance name="inst506775192"/>
      <instance name="inst2096752273"/>
      <instance name="inst860080279"/>
      <instance name="inst1962189218"/>
      <instance name="inst156336977"/>
      <instance name="inst2003152324"/>
      <instance name="inst1947442474"/>
    </outputs>
  </service>
  <service name="serv420547531" Res="342.91" Ava="0.68" Suc="0.25" Rel="0.79" Lat="2654.51" Pri="2.16">
    <inputs>
      <instance name="inst1004884662"/>
      <instance name="inst1332383527"/>
      <instance name="inst6617000"/>
    </inputs>
    <outputs>
      <instance name="inst488751398"/>
      <instance name="inst3339950"/>
      <instance name="inst940368023"/>
      <instance name="inst68880950"/>
      <instance name="inst1411646910"/>
      <instance name="inst1856095252"/>
    </outputs>
  </service>
  <service name="serv1038883528" Res="3545.34" Ava="0.66" Suc="0.56" Rel="0.79" Lat="2271.88" Pri="9.85">
    <inputs>
      <instance name="inst173950593"/>
      <instance name="inst1818819336"/>
      <instance name="inst365247859"/>
      <instance name="inst76459411"/>
      <instance name="inst188083116"/>
    </inputs>
    <outputs>
      <instance name="inst918042856"/>
      <instance name="inst1134532161"/>
      <instance name="inst634169964"/>
    </outputs>
  </service>
  <service name="serv1731567352" Res="2820.79" Ava="0.79" Suc="0.18" Rel="0.69" Lat="3522.17" Pri="1.69">
    <inputs>
      <instance name="inst701349508"/>
      <instance name="inst305646776"/>
      <instance name="inst600375141"/>
      <instance name="inst1373346671"/>
    </inputs>
    <outputs>
      <instance name="inst1755531025"/>
      <instance name="inst342718649"/>
      <instance name="inst1137809211"/>
    </outputs>
  </service>
  <service name="serv1113231355" Res="4924.67" Ava="0.67" Suc="0.39" Rel="0.33" Lat="1891.14" Pri="0.15">
    <inputs>
      <instance name="inst1004884662"/>
      <instance name="inst1332383527"/>
      <instance name="inst6617000"/>
    </inputs>
    <outputs>
      <instance name="inst531353048"/>
      <instance name="inst1896034035"/>
      <instance name="inst1458549971"/>
      <instance name="inst207745416"/>
      <instance name="inst1411646910"/>
      <instance name="inst1093979195"/>
    </outputs>
  </service>
  <service name="serv1805915141" Res="1404.15" Ava="0.86" Suc="0.94" Rel="0.74" Lat="4600.95" Pri="2.49">
    <inputs>
      <instance name="inst392488582"/>
      <instance name="inst1710062503"/>
      <instance name="inst1227313922"/>
    </inputs>
    <outputs>
      <instance name="inst577435791"/>
      <instance name="inst1211542855"/>
      <instance name="inst1332383527"/>
      <instance name="inst6617000"/>
    </outputs>
  </service>
  <service name="serv276767509" Res="17.74" Ava="0.73" Suc="0.15" Rel="0.42" Lat="3726.79" Pri="7.64">
    <inputs>
      <instance name="inst940368023"/>
      <instance name="inst1371093944"/>
      <instance name="inst935862607"/>
      <instance name="inst345585559"/>
      <instance name="inst2002538141"/>
      <instance name="inst461510675"/>
    </inputs>
    <outputs>
      <instance name="inst544461248"/>
      <instance name="inst137699000"/>
    </outputs>
  </service>
  <service name="serv351115298" Res="1390.67" Ava="0.50" Suc="0.77" Rel="0.83" Lat="2971.77" Pri="6.49">
    <inputs>
      <instance name="inst1847288425"/>
      <instance name="inst1710062503"/>
      <instance name="inst1227313922"/>
    </inputs>
    <outputs>
      <instance name="inst1339551810"/>
      <instance name="inst236214543"/>
      <instance name="inst586652758"/>
      <instance name="inst568628964"/>
      <instance name="inst6617000"/>
    </outputs>
  </service>
  <service name="serv969451295" Res="2954.05" Ava="0.20" Suc="0.38" Rel="0.54" Lat="2378.75" Pri="7.09">
    <inputs>
      <instance name="inst1217072594"/>
      <instance name="inst914561763"/>
      <instance name="inst1363515521"/>
      <instance name="inst834274057"/>
      <instance name="inst1203964394"/>
      <instance name="inst541798381"/>
      <instance name="inst631507097"/>
    </inputs>
    <outputs>
      <instance name="inst1799157036"/>
      <instance name="inst132783444"/>
      <instance name="inst1050763362"/>
      <instance name="inst1902588135"/>
      <instance name="inst989113595"/>
    </outputs>
  </service>
  <service name="serv1662135119" Res="64.12" Ava="0.49" Suc="0.65" Rel="0.40" Lat="2202.59" Pri="3.54">
    <inputs>
      <instance name="inst817888807"/>
      <instance name="inst230070583"/>
      <instance name="inst1897058358"/>
      <instance name="inst1291216378"/>
      <instance name="inst1058545828"/>
    </inputs>
    <outputs>
      <instance name="inst1237145072"/>
      <instance name="inst1619329426"/>
      <instance name="inst296429809"/>
      <instance name="inst2104944917"/>
    </outputs>
  </service>
  <service name="serv1043799122" Res="160.20" Ava="0.10" Suc="0.32" Rel="0.43" Lat="2721.44" Pri="6.77">
    <inputs>
      <instance name="inst1154604639"/>
      <instance name="inst1710062503"/>
      <instance name="inst1227313922"/>
    </inputs>
    <outputs>
      <instance name="inst236828726"/>
      <instance name="inst2101667867"/>
      <instance name="inst1279336544"/>
      <instance name="inst1332383527"/>
      <instance name="inst6617000"/>
    </outputs>
  </service>
  <service name="serv1736482908" Res="1405.14" Ava="0.97" Suc="0.74" Rel="0.49" Lat="4100.18" Pri="7.28">
    <inputs>
      <instance name="inst1154604639"/>
      <instance name="inst1710062503"/>
      <instance name="inst1227313922"/>
    </inputs>
    <outputs>
      <instance name="inst2069921690"/>
      <instance name="inst1765362175"/>
      <instance name="inst1193519061"/>
      <instance name="inst6617000"/>
    </outputs>
  </service>
  <service name="serv207335276" Res="4401.50" Ava="0.42" Suc="0.09" Rel="0.54" Lat="1855.88" Pri="2.21">
    <inputs>
      <instance name="inst706265064"/>
      <instance name="inst1571198037"/>
      <instance name="inst1325829427"/>
      <instance name="inst1938635685"/>
      <instance name="inst762589097"/>
      <instance name="inst743540980"/>
      <instance name="inst1956045258"/>
    </inputs>
    <outputs>
      <instance name="inst1183073728"/>
      <instance name="inst1077593945"/>
      <instance name="inst1374370994"/>
      <instance name="inst505750831"/>
    </outputs>
  </service>
  <service name="serv900019062" Res="2040.54" Ava="0.12" Suc="0.11" Rel="0.73" Lat="2105.65" Pri="2.17">
    <inputs>
      <instance name="inst501859598"/>
    </inputs>
    <outputs>
      <instance name="inst819527313"/>
      <instance name="inst1888865752"/>
      <instance name="inst1079232489"/>
      <instance name="inst3339950"/>
      <instance name="inst1833566042"/>
    </outputs>
  </service>
  <service name="serv1592702886" Res="3308.76" Ava="0.90" Suc="0.40" Rel="0.45" Lat="3628.36" Pri="4.49">
    <inputs>
      <instance name="inst46965961"/>
      <instance name="inst1146001855"/>
      <instance name="inst357465393"/>
      <instance name="inst1178158172"/>
      <instance name="inst465197865"/>
      <instance name="inst2040428240"/>
    </inputs>
    <outputs>
      <instance name="inst763203280"/>
      <instance name="inst1741194459"/>
      <instance name="inst1544981637"/>
      <instance name="inst264069449"/>
      <instance name="inst1346105910"/>
    </outputs>
  </service>
  <service name="serv137903043" Res="3092.55" Ava="0.86" Suc="0.32" Rel="0.75" Lat="670.06" Pri="6.89">
    <inputs>
      <instance name="inst1152351912"/>
      <instance name="inst384910159"/>
      <instance name="inst1361262794"/>
      <instance name="inst1068376978"/>
      <instance name="inst997716379"/>
      <instance name="inst700939330"/>
      <instance name="inst889983907"/>
    </inputs>
    <outputs>
      <instance name="inst1593113026"/>
      <instance name="inst2078524474"/>
      <instance name="inst268370860"/>
      <instance name="inst928284146"/>
    </outputs>
  </service>
  <service name="serv830586829" Res="2373.91" Ava="0.12" Suc="0.94" Rel="0.37" Lat="3122.70" Pri="6.22">
    <inputs>
      <instance name="inst516606342"/>
    </inputs>
    <outputs>
      <instance name="inst1304938761"/>
    </outputs>
  </service>
  <service name="serv281683065" Res="4610.48" Ava="0.33" Suc="0.37" Rel="0.68" Lat="2503.22" Pri="0.76">
    <inputs>
      <instance name="inst461920815"/>
      <instance name="inst1710062503"/>
      <instance name="inst1227313922"/>
    </inputs>
    <outputs>
      <instance name="inst1339961988"/>
      <instance name="inst586652758"/>
      <instance name="inst361970809"/>
      <instance name="inst1391984610"/>
    </outputs>
  </service>
  <service name="serv1523270653" Res="3339.12" Ava="0.65" Suc="0.14" Rel="0.55" Lat="3668.58" Pri="3.59">
    <inputs>
      <instance name="inst1941912735"/>
      <instance name="inst1977346102"/>
      <instance name="inst701349508"/>
      <instance name="inst975391212"/>
      <instance name="inst276153326"/>
    </inputs>
    <outputs>
      <instance name="inst1411646910"/>
      <instance name="inst419319165"/>
      <instance name="inst421982032"/>
      <instance name="inst2004790868"/>
      <instance name="inst2075247424"/>
    </outputs>
  </service>
  <service name="serv68470810" Res="1461.80" Ava="0.34" Suc="0.65" Rel="0.37" Lat="2671.92" Pri="6.45">
    <inputs>
      <instance name="inst359718082"/>
      <instance name="inst1026799689"/>
      <instance name="inst775901340"/>
      <instance name="inst1945189785"/>
      <instance name="inst1026185506"/>
      <instance name="inst67856627"/>
      <instance name="inst603038008"/>
    </inputs>
    <outputs>
      <instance name="inst1874119008"/>
      <instance name="inst1423116604"/>
      <instance name="inst402319732"/>
      <instance name="inst918042856"/>
      <instance name="inst342718649"/>
      <instance name="inst1827626125"/>
    </outputs>
  </service>
  <service name="serv974366889" Res="1504.38" Ava="0.09" Suc="0.28" Rel="0.48" Lat="3350.23" Pri="9.59">
    <inputs>
      <instance name="inst1154604639"/>
      <instance name="inst1710062503"/>
      <instance name="inst1227313922"/>
    </inputs>
    <outputs>
      <instance name="inst324694893"/>
      <instance name="inst19111017"/>
      <instance name="inst1211542855"/>
      <instance name="inst14809644"/>
      <instance name="inst1183687911"/>
    </outputs>
  </service>
  <service name="serv761154596" Res="2218.51" Ava="0.17" Suc="0.30" Rel="0.52" Lat="4516.80" Pri="2.89">
    <inputs>
      <instance name="inst1388093377"/>
      <instance name="inst942620712"/>
      <instance name="inst240105776"/>
      <instance name="inst1410622587"/>
      <instance name="inst1700845536"/>
      <instance name="inst1719893653"/>
    </inputs>
    <outputs>
      <instance name="inst891622413"/>
      <instance name="inst1530234893"/>
      <instance name="inst274924960"/>
      <instance name="inst1609498276"/>
      <instance name="inst1879648785"/>
      <instance name="inst1695929942"/>
      <instance name="inst1079232489"/>
    </outputs>
  </service>
  <service name="serv1667050675" Res="1420.27" Ava="0.35" Suc="0.48" Rel="0.57" Lat="3974.19" Pri="1.18">
    <inputs>
      <instance name="inst934428106"/>
      <instance name="inst395151449"/>
      <instance name="inst198528449"/>
    </inputs>
    <outputs>
      <instance name="inst1895009674"/>
      <instance name="inst1129002422"/>
      <instance name="inst2038175551"/>
      <instance name="inst918042856"/>
      <instance name="inst1916720658"/>
      <instance name="inst1710062503"/>
      <instance name="inst1156243145"/>
    </outputs>
  </service>
  <service name="serv212250832" Res="4387.42" Ava="0.08" Suc="0.42" Rel="0.49" Lat="2802.23" Pri="0.91">
    <inputs>
      <instance name="inst934428106"/>
      <instance name="inst395151449"/>
      <instance name="inst198528449"/>
    </inputs>
    <outputs>
      <instance name="inst365247859"/>
      <instance name="inst461920815"/>
      <instance name="inst1710062503"/>
      <instance name="inst187468933"/>
    </outputs>
  </service>
</services>
