<?xml version="1.0" encoding="UTF-8"?>
<problemStructure>
	<task>
		<provided>
			<instance name="inst507612613"/>
			<instance name="inst211649568"/>
			<instance name="inst1610541870"/>
			<instance name="inst1318470020"/>
			<instance name="inst511297711"/>
			<instance name="inst1695942861"/>
			<instance name="inst120304438"/>
			<instance name="inst1319288246"/>
		</provided>
		<options>
			<condition>
				<general concept="dummy" />
				<specific concept="dummy" />
			</condition>
			<if>
				<instance name="inst907818669"/>
				<instance name="inst441457430"/>
				<instance name="inst1857750899"/>
				<instance name="inst739462845"/>
				<instance name="inst1242487909"/>
				<instance name="inst629067506"/>
			</if>
			<else />
		</options>
	</task>
	<solutions />
</problemStructure>